Species,CommonName,Photos ,Calflora,Doctype,Notes,Plantnum
FERNS ,,,,,,
AZOLLACEAE – MOSQUITO FERN FAMILY,,,,,,
Azolla filiculoides,AMERICAN WATER FERN,Flickr ,Calflora,SPEC,,1
BLECHNACEAE – DEER FERN FAMILY,,,,,,
Woodwardia fimbriata,GIANT CHAIN FERN,Flickr,,SPEC,,2
DENNSTAEDTIACEAE – BRACKEN FAMILY,,,,,,
Pteridium aquilinum var. pubescens,"BRACKEN, BRAKE",Flickr,,SPEC,,3
DRYOPTERIDACEAE – WOOD FERN FAMILY,,,,,,
Dryopteris arguta,COASTAL WOOD FERN,Flickr,,SPEC,,5
Dryopteris expansa,,Flickr,Calflora,SPEC,ID uncertain,956
Polystichum californicum,CALIFORNIA SHIELD FERN,Flickr,Calflora,SPEC,Hybrid P. munitum and P. dudleyi,6
Polystichum dudleyi,DUDLEY'S SHIELD FERN,Flickr,Calflora,SPEC,,7
Polystichum munitum,WESTERN SWORD FERN,Flickr,,SPEC,,8
EQUISETACEAE – HORSETAIL FAMILY,,,,,,
Equisetum arvense,COMMON HORSETAIL,Flickr,,SPEC,Basal internode  of branch > subtending nodal sheath  (vs. E telmateia),9
Equisetum hyemale ssp. affine,COMMON SCOURING RUSH,Flickr,,SPEC,"Stem green, firm, persistent",10
Equisetum telmateia ssp. braunii,GIANT HORSETAIL,Flickr,Calflora,SPEC,Basal internode of branch < subtending nodal sheath (vs. E. arvense),11
MARSILEACEAE – MARSILEA FAMILY,,,,,,
Marsilea vestita ssp. vestita,CLOVER FERN,,,REP,Dengler Suppl. 9/9/1975; Lennihan 3/96; not reported since,12
POLYPODIACEAE – POLYPODY FAMILY,,,,,,
Polypodium calirhiza / californicum ,CALIFORNIA POLYPODY,Flickr,,SPEC,Chromosome count or spore measurement needed (Sigel 2014),13
PTERIDACEAE – BRAKE FAMILY,,,,,,
Adiantum aleuticum,FIVE-FINGER FERN,Flickr,,spec,Collected 1965-1979. Scoured from rocks opposite W end of dam during El Nino of 1982-83,14
Adiantum jordanii,CALIFORNIA MAIDENHAIR,Flickr,,SPEC,,15
Pellaea andromedifolia,COFFEE FERN,Flickr,,SPEC,,16
Pellaea mucronata var. mucronata,BIRD'S-FOOT FERN,Flickr,,SPEC,,17
Pentagramma triangularis ssp. triangularis,GOLDBACK FERN,Flickr,,SPEC,,18
WOODSIACEAE – CLIFF FERN FAMILY,,,,,,
Cystopteris fragilis,FRAGILE FERN,Flickr,Calflora,SPEC,,4
GYMNOSPERMS,,,,,,
CUPRESSACEAE – CYPRESS FAMILY,,,,,,
! Hesperocyparis macrocarpa,MONTEREY CYPRESS,Flickr,,SPEC,"Planted; historical doc for Searsville (Regnery, p.7)",19
Sequoia sempervirens,REDWOOD,Flickr,,SPEC,,22
PINACEAE – PINE FAMILY,,,,,,
! Pinus radiata,MONTEREY PINE,Flickr,,SPEC,Widely planted and naturalized; native stands in SM County at Año Nuevo are RANK 1B.1,20
N Pinus sylvestris,SCOTCH PINE,Flickr,,SPEC,Survivors from Xmas tree planting,861
Pseudotsuga menziesii var. menziesii,DOUGLAS-FIR,Flickr,,SPEC,,21
,,,,,,
MAGNOLIIDS ,,,,,,
LAURACEAE – LAUREL FAMILY,,,,,,
Umbellularia californica,"CALIFORNIA BAY, CALIFORNIA LAUREL, PEPPERWOOD",Flickr,,SPEC,,398
CERATOPHYLLALES ,,,,,,
CERATOPHYLLACEAE – HORNWORT FAMILY,,,,,,
Ceratophyllum demersum,HORNWORT,Flickr,,SPEC,"Lennihan 9/30/95 ""tons in lake,""",241
EUDICOTS,,,,,,
ADOXACEAE – MUSKROOT FAMILY,,,,,,
Sambucus nigra ssp. caerulea (S. mexicana),BLUE ELDERBERRY,Flickr,,SPEC,,226
AIZOACEAE – ICEPLANT FAMILY ,,,,,,
Sesuvium verrucosum,WESTERN SEA-PURSLANE,Flickr,Calflora,SPEC,Searsville dry lakebed,961
AMARANTHACEAE – AMARANTH FAMILY,,,,,,
*Amaranthus albus,TUMBLEWEED,Flickr,Calflora,SPEC,,25
Amaranthus californicus,CALIFORNIAN AMARANTH,Flickr,Calflora,SPEC$,POM164507 1902; UC 135837 1902,27
* Amaranthus retroflexus,REDROOT PIGWEED,Flickr,,spec,Collected in 1974; not reported since,28
ANACARDIACEAE – SUMAC/CASHEW FAMILY,,,,,,
* Pistacia atlantica,PISTACHIO,Flickr,,SPEC,"Lvs pinately compound, alternate, axis winged; dioecious tree",29
! Rhus integrifolia,LEMONADE BERRY,Flickr,,SPEC,,822
Toxicodendron diversilobum,WESTERN POISON OAK,Flickr,,SPEC,,30
APIACEAE – CARROT FAMILY,,,,,,
Angelica tomentosa,WOOD ANGELICA,Flickr,,SPEC,,31
*Anthriscus caucalis,BUR-CHERVIL,Flickr,,SPEC,Fr w/beak (vs Torilis w/o beak),32
Apiastrum angustifolium,WILD CELERY,,,rep,Dengler [Notebook] 10/27/1962 “San Francisquito Creek — beach 100' below falls cut by small rivulet last year. Growing in this shallow running water”; not reported since,33
Bowlesia incana,BOWLESIA,Flickr,Calflora,SPEC,Stellate hairs on abaxial lf blades,847
* Conium maculatum,POISON HEMLOCK,Flickr,,SPEC,"Non-native, invasive species, as recorded in TJM2",34
Daucus pusillus,RATTLESNAKE WEED,Flickr,,SPEC,,35
« Eryngium jepsonii,JEPSON'S ERYNGO,Flickr,Calflora,SPEC,Separated from E. aristulatum var. aristulatum in TJM2.,36
* Foeniculum vulgare,FENNEL,Flickr,,SPEC,"Non-native, invasive species, as recorded in TJM2",37
Heracleum maximum (H. lanatum),"COW PARSNIP, GIANT HOGWEED",Flickr,,SPEC,,38
Lomatium caruifolium var. caruifolium,CARAWAY-LEAVED LOMATIUM,Flickr,,SPEC,"Relocated 4/2013 off Trail 11. Earlier reports: north side of Road D, Sector 13 A5; in bloom 3/25/02 and 3/26/03. Rep. “common” south of Road D: Dengler [Notebook] 5/5/63.",39
Lomatium dasycarpum ssp. dasycarpum,WOOLLY-FRUITED LOMATIUM,Flickr,,SPEC,,40
Lomatium macrocarpum,LARGE-FRUITED LOMATIUM,Flickr,,SPEC,,41
Lomatium utriculatum,COMMON LOMATIUM,Flickr,,SPEC,,42
Oenanthe sarmentosa,PACIFIC OENANTHE,Flickr,,SPEC,,43
"Osmorhiza berteroi
 (O. chilensis)",WOOD SWEET CICELY,Flickr,,SPEC,,44
Perideridia kelloggii,KELLOGG’S YAMPAH,Flickr,,SPEC,,46
Sanicula bipinnata,POISON SANICLE,Flickr,,SPEC,Single location Trail 11,47
Sanicula bipinnatifida,"PURPLE SANICLE, SHOE BUTTONS",Flickr,,SPEC,,48
Sanicula crassicaulis,PACIFIC SANICLE,Flickr,,SPEC,,49
Sanicula laciniata,COAST SANICLE,Flickr,,SPEC,Single location Trail 9,50
Sanicula tuberosa,TUBEROUS SANICLE,Flickr,Calflora,SPEC,Several plants at single location in Serpentine,51
* Scandix pecten- veneris,VENUS' NEEDLE,Flickr,,SPEC,,52
Tauschia hartwegii,HARTWEG'S TAUSCHIA,Flickr,Calflora,SPEC,Oak woodland,53
Tauschia kelloggii,KELLOGG'S TAUSCHIA,Flickr,Calflora,SPEC,Serpentine chaparral,54
* Torilis arvensis ,TALL SOCK-DESTROYER,Flickr,,SPEC,"Fr w/beak (vs. Anthriscus); infl open. Non-native, invasive species, as recorded in TJM2",55
* Torilis nodosa,SHORT SOCK-DESTROYER,Flickr,,SPEC,Fr w/beak; fl in lf axis,56
Yabea microcarpa,CALIFORNIA HEDGE PARSLEY,Flickr,,SPEC,,57
APOCYNACEAE – DOGBANE FAMILY,,,,,,
Asclepias fascicularis,NARROW-LEAF MILKWEED,Flickr,,SPEC,,60
* Nerium oleander,COMMON OLEANDER,Flickr,,SPEC,Planted at caretaker’s house; persistent,878
* Vinca major,GREATER PERIWINKLE,Flickr,,SPEC,"Non-native, invasive species, as recorded in TJM2",58
ARALIACEAE – GINSENG FAMILY,,,,,,
Aralia californica,ELK CLOVER,,,DOC,Reported 2001-2009; not seen since,823
* Hedera helix,ENGLISH IVY,Flickr,,SPEC,"Non-native, invasive species, as recorded in TJM2",59
ASTERACEAE – SUNFLOWER FAMILY,,,,,,
Achillea millefolium,YARROW,Flickr,,SPEC,,61
Achyrachaena mollis,BLOW-WIVES,Flickr,,SPEC,,62
Adenocaulon bicolor,TRAIL PLANT,Flickr,,SPEC,No report since 4/24/2002,63
Agoseris grandiflora var. grandiflora (A. g.),"CALIFORNIA DANDELION, LARGE-FLOWERED AGOSERIS",Flickr,,SPEC,,65
Agoseris heterophylla,ANNUAL AGOSERIS,Flickr,,SPEC,,66
Ancistrocarphus filagineus,WOOLY FISHHOOKS,Flickr,Calflora,DOC,,957
Anisocarpus madioides (Madia m.),WOODLAND TARWEED,Flickr,,SPEC,,139
*Anthemis cotula,MAYWEED,Flickr,,SPEC,Fl hds solitary; lvs finely divided (vs. Tanacetum),68
Arnica discoidea,RAYLESS ARNICA,Flickr,,spec,"Collected in 1921. Springer 1935 “Rare, one plant on openly wooded slope and one at edge of chap”; not reported since",70
*Artemisia biennis,BIENNIAL SAGEWORT,Flickr,Calflora,SPEC,"Searsville Lake, 1924 to present",71
Artemisia californica,CALIFORNIA SAGEBRUSH,Flickr,,SPEC,,72
Artemisia douglasiana,MUGWORT,Flickr,,SPEC,,73
"Baccharis glutinosa
 (B. douglasii)",MARSH BACCHARIS,Flickr,,SPEC,,76
Baccharis pilularis ssp. pilularis,COYOTE BRUSH,Flickr,,SPEC,"ID uncertain; single plant, may be substrate effect",944
Baccharis pilularis ssp. consanguinea,COYOTE BRUSH,Flickr,,SPEC,"See Williams; Hobbs; Hamburg, 1987",77
Calycadenia multiglandulosa,STICKY CALYCADENIA,Flickr,,SPEC,,78
* Carduus pycnocephalus ssp. pycnocephalus,ITALIAN THISTLE,Flickr,,SPEC,"Basal lvs 4-10 lobed; fl heads gen 2-5 per cluster. Non-native, noxious weed, as recorded in TJM2",79
* Carduus tenuiflorus,SLENDER-FLOWERED THISTLE,Flickr,,SPEC,"Basal lvs 12-20 lobed; fl heads 5-20 per cluster. Non-native, noxious weed, as recorded in TJM2",80
* Centaurea calcitrapa,PURPLE STAR-THISTLE,Flickr,,SPEC,"Fls purple. Springer 1935 ""Rare""; now occasional. Non-native, noxious weed, as recorded in TJM2",81
* Centaurea melitensis,TOCALOTE,Flickr,,SPEC,"Fls yellow; terminal spines 5-9 mm; marginal fls w/ pappus (vs C. solstitialis).
 Springer 1935 “Very abundant in May and June”. Non-native, noxious weed, as recorded in TJM2",82
* Centaurea solstitialis,YELLOW STAR-THISTLE,Flickr,,SPEC,"Fls yellow; terminal spines 11-22 mm; pappus marginal fls lacking (vs C. melitensis). Springer 1935 “Rare, one plant found along road in August”; now abundant. Non-native, noxious weed, as recorded in TJM2",83
* Cichorium intybus,CHICORY,Flickr,,SPEC,,85
Cirsium brevistylum,CLUSTERED THISTLE,Flickr,,SPEC,Trail 1 a few meters west of serpentine,86
Cirsium occidentale var. occidentale,COBWEBBY THISTLE,Flickr,,spec,Collected in 1974 and 1979 “Below dam near ‘old’ low-flow crossing”; not reported since,87
Cirsium occidentale var. venustum,VENUS THISTLE,Flickr,,spec,Collected in 1963 “Oak woodland at Westridge end of ridge” and 1973 along Rd D west of Rd E; not reported since,88
* Cirsium vulgare,BULL THISTLE,Flickr,,SPEC,"Springer 1935 “Rather infrequent”; now common. Non-native, noxious weed, as recorded in TJM2",89
* Cotula australis,AUSTRALIAN COTULA,Flickr,,SPEC,"Fl on peduncle (vs Soliva, fls sessile)",93
* Cotula coronopifolia,BRASS-BUTTONS,Flickr,,SPEC,"Collected in 1981 and 1982 on dam face; Boething 2005; not reported since. Non-native, invasive species, as recorded in TJM2",94
* Crepis vesicaria ssp. taraxacifolia,WEEDY HAWKSBEARD,Flickr,,SPEC,,96
Deinandra corymbosa (Hemizonia corymbosa ssp. c.),COASTAL TARPLANT,Flickr,,SPEC,Collected in 1893. Reported by Springer 1935 “Rather infrequent on open and openly wooded slopes in May and June”; not reported since,118
"* Delairea odorata
 (Senecio mikanioides)","CAPE IVY, GERMAN IVY",Flickr,,SPEC,"Non-native, noxious weed, as recorded in TJM2",153
* Dittrichia graveolens,STINKWORT,Flickr,,SPEC,"Non-native, invasive species, as recorded in TJM2",848
* Erigeron bonariensis (Conyza b.),FLAX-LEAVED HORSEWEED,Flickr,,SPEC,Plant gray-hairy,90
Erigeron canadensis (Conyza c.),HORSEWEED,Flickr,,SPEC,plant green; whole lf hairy (vs E. sumatrensis),91
Erigeron foliosus var. foliosus,LEAFY FLEABANE,Flickr,Calflora,SPEC,,98
* Erigeron karvinskianus,SANTA BARBARA DAISY,Flickr,,SPEC,,99
Erigeron philadelphicus var. philadelphicus (Erigeron p.),PHILADELPHIA FLEABANE,,,spec,"Springer 1935 “Rare, one plant on open hillside near drying stream in May”; Dengler 1975; not reported since",100
* Erigeron sumatrensis (Conyza floribunda),TROPICAL HORSEWEED,Flickr,,SPEC,First report 8/20/2011 in San Francisquito Creek. Plant green; lf margin hairy (strigose); sometime no ray fls (vs E. canadensis),914
Eriophyllum confertiflorum var. confertiflorum,"GOLDEN-YARROW, YELLOW-YARROW",Flickr,,SPEC,,101
Eriophyllum lanatum var. arachnoideum,COMMON WOOLLY SUNFLOWER,Flickr,,SPEC,,102
"Eurybia radulina
 (Aster radulinus)",ROUGH-LEAVED ASTER,Flickr,,SPEC,,75
Euthamia occidentalis,WESTERN GOLDENROD,Flickr,,SPEC,,103
Gamochaeta ustulata (Gnaphalium purpureum),PURPLE CUDWEED,Flickr,,SPEC,,110
Gnaphalium palustre,LOWLAND CUDWEED,Flickr,,SPEC,,109
Grindelia camporum (G. camporum var. c.),GREAT VALLEY GRINDELIA,Flickr,,spec,Not reported since 1972 (SLAC corridor near SF Cr.),113
Grindelia hirsutula (G. hirsutula var. h.),HIRSUTE GRINDELIA,Flickr,,SPEC,,114
Helenium puberulum,"ROSILLA, SNEEZEWEED",Flickr,,SPEC,,115
Helianthella californica var. californica,CALIFORNIA HELIANTHELLA,Flickr,Calflora,SPEC,,116
* Helminthotheca echioides (Picris e.),BRISTLY OX-TONGUE,Flickr,,SPEC,"Non-native, invasive species, as recorded in TJM2",146
Hemizonia congesta ssp. luzulifolia,HAYFIELD TARWEED,Flickr,,SPEC,,117
Hesperevax sparsiflora var. sparsiflora,ERECT EVAX,Flickr,,SPEC,,119
Heterotheca grandiflora,TELEGRAPH WEED,Flickr,,SPEC,,120
Heterotheca sessiliflora ssp. echioides,GOLDENASTER,Flickr,,SPEC,,121
Hieracium albiflorum,WHITE HAWKWEED,Flickr,,SPEC,Uncommon,122
* Hypochaeris glabra,SMOOTH CAT'S-EAR,Flickr,,SPEC,"Non-native, invasive species, as recorded in TJM2",123
* Hypochaeris radicata,ROUGH CAT'S-EAR,Flickr,,SPEC,"Non-native, invasive species, as recorded in TJM2",124
* Lactuca saligna,WILLOW LETTUCE,Flickr,,SPEC,"Lvs linear, entire",125
* Lactuca serriola,PRICKLY LETTUCE,Flickr,,SPEC,Lvs deeply lobed,126
* Lactuca virosa,WILD LETTUCE,Flickr,,SPEC,Lvs toothed to shallowly lobed,834
Lagophylla ramosissima (L. r. ssp. r.),COMMON HARELEAF,Flickr,,SPEC,"Springer 1935 “Frequent, dry hillsides June to August”; now occasional.",127
* Lapsana communis,NIPPLEWORT,Flickr,,SPEC,,128
Lasthenia californica ssp. californica (L. c.),CALIFORNIA GOLDFIELDS,Flickr,,SPEC,Wetter serpentine soil (vs. L. gracilis); pappus more or less clear linear to awl-like scales or 0,129
Lasthenia gracilis (L. californica in part),COMMON GOLDFIELDS,Flickr,,SPEC,Drier serpentine soil (vs. L. californica ssp. c.); pappus white opaque lance-ovate scales or 0,901
Layia hieracioides,TALL LAYIA,Flickr,,SPEC,,131
Layia platyglossa,TIDY-TIPS,Flickr,,SPEC,,132
« Lessingia hololeuca,WOOLLY-HEADED LESSINGIA,Flickr,,SPEC,Fls blue. RANK 3,135
Lessingia pectinata var. tenuipes (L. glandulifera var. g. in part),VALLEY LESSINGIA,Flickr,Calflora,SPEC,Flowers yellow blooming May-Oct; specimens examined have purple banding near the throat of corolla tube and short triangular style appendage. Locally abundant,134
* Leucanthemum maximum,SHASTA DAISY,Flickr,,SPEC,,913
Logfia filaginoides,CALIFORNIA COTTONROSE,Flickr,,SPEC,,104
* Logfia gallica (Filago g.),DAGGERLEAF COTTONROSE,Flickr,,SPEC,,105
Madia exigua,THREADSTEM TARWEED,Flickr,,SPEC,"Disk fl 1(2), cor tube not hairy; anthers yellow to brown; phyllary glands yellow",137
Madia gracilis,GUMWEED,Flickr,,SPEC,"Disk fl 2-16, cor tube hairy; anthers dark purple; phyllary glands yellow, purple, or black.",138
Madia sativa,COAST TARWEED,Flickr,,SPEC,,140
* Matricaria discoidea (Chamomilla suaveolens),"PINEAPPLE WEED, RAYLESS CHAMOMILE",Flickr,,SPEC,,84
Micropus californicus var. californicus,COTTONTOP,Flickr,,SPEC,,141
Microseris douglasii ssp. douglasii,DOUGLAS' MICROSERIS,Flickr,,SPEC,Pappus scales ≥1.5 mm,142
Microseris douglasii ssp. tenella,SHORT-SCALED MICROSERIS,Flickr,,SPEC,Pappus scales ≤1 mm,837
« Monolopia gracilens,WOODLAND WOOLLYTHREADS,Flickr,,spec,RANK 1B.2. Collected in 1971; not reported since. Springer 1935 “Abundant in one place—near edge of chaparral above the lake”; Dengler [Notebook] 5/12/63 “just over edge of Canyon at edge of chaparral but still in grass”,143
Pentachaeta alsinoides,TINY CHAETOPAPPA,Flickr,,spec,Collected 1958-1989 “Growing in grassy openings among oaks” in blue oak woodland and sometimes locally abundant; not reported since,144
"Petasites frigidus
 var. palmatus",WESTERN SWEET COLTSFOOT,Flickr,,SPEC,,145
Pseudognaphalium beneolens (Gnaphalium canescens ssp. b.),FRAGRANT EVERLASTING,Flickr,,spec,Collected 1964 “edge of lake at dam”; not reported since,107
Pseudognaphalium californicum (Gnaphalium c.),GREEN EVERLASTING,Flickr,,SPEC,,106
* Pseudognaphalium luteoalbum (Gnaphalium luteo- album),WEEDY CUDWEED,Flickr,,SPEC,,108
Pseudognaphalium ramosissimum (Gnaphalium r.),PINK EVERLASTING,Flickr,,SPEC,,111
Pseudognaphalium stramineum (Gnaphalium s.),COTTON-BATTING PLANT,Flickr,,SPEC,,112
Psilocarphus tenellus (P. tenellus var. t.),SLENDER WOOLLY-MARBLES,Flickr,,SPEC,,147
Rafinesquia californica,CALIFORNIA CHICORY,Flickr,,SPEC,,148
Rigiopappus leptocladus,RIGIOPAPPUS,Flickr,,SPEC,,149
W Santolina chamaecyparissus (S. chamaecyparisus (TJM variant spelling); not in TJM2),GRAY LAVENDER-COTTON,Flickr,,SPEC,Presumed planted near corporation yard; persistent,150
Senecio aronicoides,RAYLESS RAGWORT,Flickr,,SPEC,,151
"* Senecio minimus
 (Erechtites m.)",COASTAL BURNWEED,Flickr,,SPEC,,97
* Senecio vulgaris,COMMON GROUNDSEL,Flickr,,SPEC,,154
* Silybum marianum,MILK THISTLE,Flickr,,SPEC,"Non-native, invasive species, as recorded in TJM2",155
Solidago velutina ssp. californica (S. californica),CALIFORNIA GOLDENROD,Flickr,,SPEC,,156
* Soliva sessilis,COMMON SOLIVA,Flickr,,SPEC,Fl sessile in lf axis (vs. Cotula),157
* Sonchus asper ssp. asper,PRICKLY SOW THISTLE,Flickr,,SPEC,,158
* Sonchus oleraceus,COMMON SOW THISTLE,Flickr,,SPEC,,159
Stebbinsoseris heterocarpa,GRASSLAND SILVERPUFFS,Flickr,,SPEC,,160
Stephanomeria virgata var. ?,VIRGATE STEPHANOMERIA,Flickr,,SPEC,,161
Symphyotrichum chilense (Aster chilensis),COMMON CALIFORNIA ASTER,Flickr,,SPEC,,74
Symphyotrichum subulatum var. parviflorum,ANNUAL SALTMARSH ASTER,,Calflora,SPEC,,966
* Tanacetum parthenium,FEVERFEW,Flickr,,SPEC,Fl hds several in cymes; leaves lobed (vs. Anthemis),162
* Taraxacum officinale,COMMON DANDELION,Flickr,,SPEC,,163
* Tragopogon porrifolius,"SALSIFY, OYSTER PLANT",Flickr,,SPEC,,164
Uropappus lindleyi,SILVERPUFFS,Flickr,,SPEC,,165
* Urospermum picroides,PRICKLY GOLDENFLEECE,Flickr,,SPEC,,851
Wyethia angustifolia,NARROW-LEAVED MULE EARS,Flickr,,SPEC,,166
Wyethia glabra,SMOOTH MULE EARS,Flickr,,SPEC,,167
"Xanthium spinosum
 (Nativity uncertain)",SPINY COCKLEBUR,Flickr,,DOC,"First reported by Dengler 10/6/1963; Bear Creek 2000, 2005; not reported since. Nodal spines present; lf w/white striation",802
Xanthium strumarium,COCKLEBUR,Flickr,,SPEC,Nodal spines 0,168
BERBERIDACEAE – BARBERRY FAMILY,,,,,,
Berberis pinnata ssp. pinnata,COAST BARBERRY,Flickr,,SPEC,,169
BETULACEAE – BIRCH FAMILY,,,,,,
Alnus rhombifolia,WHITE ALDER,Flickr,,SPEC,,170
Corylus cornuta ssp. californica (C. c. var. c.),CALIFORNIA HAZEL,Flickr,,SPEC,,171
BORAGINACEAE – BORAGE/WATERLEAF FAMILY ,,,,,,
Amsinckia intermedia (A. menziesii var. i.),COMMON FIDDLENECK,Fickr,,SPEC,"Corolla orange, 7-11 mm (vs. A. menziesii)",172
« Amsinckia lunaris,BENTFLOWER FIDDLENECK,,Calflora,DOC,Corolla bilateral symmetry; throat with reddish splotches; heterostylous. Det. by Ron Kelley,963
Amsinckia menziesii (A. menziesii var. m.),"COMMON FIDDLENECK, SMALL-FLOWERED FIDDLENECK",Fickr,,SPEC,"Corolla yellow to orange-yellow, 4-7 mm (vs. A. intermedia)",173
Cryptantha clevelandii var. florosa (C. c.),COASTAL CRYPTANTHA,Fickr,,SPEC,,174
Cryptantha flaccida,"PALE CRYPTANTHA, WEAK-STEMMED CRYPTANTHA ",Fickr,,SPEC,"Calyx hairs recurved; nutlet 1, smooth. Serpentine",175
Cryptantha micromeres,MINUTE-FLOWERED CRYPTANTHA,Fickr,,SPEC,"Nutlets dissimilar in fr, largest smooth, smaller with tubercles",177
Cryptantha microstachys,TEJON CRYPTANTHA,Fickr,,SPEC,"Nutlets 1(2), smooth",178
Cryptantha torreyana var. pumila (C. t.),DWARF CRYPTANTHA,Fickr,,SPEC,,180
Cynoglossum grande (Adelina grandis),GRAND HOUND'S TONGUE,Fickr,,SPEC,,181
Eriodictyon californicum,CALIFORNIA YERBA SANTA,Fickr,,SPEC,,368
Heliotropium curassavicum var. oculatum (H. c.),"ALKALI HELIOTROPE, SEASIDE HELIOTROPE",Fickr,,SPEC,,182
* Myosotis latifolia,BROADLEAVED FORGET-ME-NOT,Fickr,,SPEC,"Non-native, invasive species, as recorded in TJM2",183
Nemophila heterophylla,VARIABLE-LEAVED NEMOPHILA,Fickr,,SPEC,Style 2-4 mm (vs N. parviflora),369
Nemophila menziesii var. menziesii,BABY BLUE-EYES,Fickr,,SPEC,Springer 1935 “Abundant on moist grassy hillsides”; now known from a single loc.,371
Nemophila parviflora var. parviflora,WOODLAND NEMOPHILA,Fickr,,SPEC,Style < 2 mm (vs N. heterophylla),372
Pectocarya pusilla  (Gruvelia p.),LITTLE PECTOCARYA,Fickr,,SPEC,,185
Phacelia distans,COMMON PHACELIA,Fickr,,SPEC,Annual,374
Phacelia imbricata var. imbricata (P. i. ssp. i.),IMBRICATE PHACELIA,Fickr,,SPEC,,375
Phacelia nemoralis var. nemoralis (P. n. ssp. n.),SHADE PHACELIA,Fickr,,SPEC,,377
Phacelia rattanii,RATTAN'S PHACELIA,Fickr,,SPEC,,378
Pholistoma auritum var. auritum,FIESTA FLOWER,Fickr,,SPEC,,379
Plagiobothrys bracteatus,BRACTED POPCORNFLOWER,Fickr,,spec,"Collected twice in 1966 “NW end of serpentine meadow in road”; not reported since. Dengler fieldnotes 4/10/1954; ""Five plants only, all blooming by (south a few feet) of large serpentine boulder between quadrats 13 and 14 where water of rains previously stood. Soil now cracked with drought near edge of serp.”",186
« Plagiobothrys chorisianus var. hickmanii,HICKMAN'S POPCORNFLOWER,Flickr,,SPEC,RANK 4.2,187
Plagiobothrys nothofulvus,"RUSTY POPCORNFLOWER, FOOTHILL SNOWDROPS",Fickr,,SPEC,,188
Plagiobothrys tenellus,PACIFIC POPCORNFLOWER,Fickr,,spec,Collected 1904 and 1920; not reported since,189
BRASSICACEAE – MUSTARD FAMILY,,,,,,
« Arabis blepharophylla,COAST ROCKCRESS,Fickr,,spec,RANK 4.3. Collected 4/2/1984 Area H serpentine; no other reports,803
Athysanus pusillus,DWARF ATHYSANUS,Fickr,,SPEC,"Springer 1935 “Infrequent,” which is still the case.",191
Barbarea orthoceras,AMERICAN WINTER CRESS,Fickr,,SPEC,,192
* Brassica nigra,BLACK MUSTARD,Fickr,,SPEC,"Springer 1935 “Infrequent,” which is still the case. Terminal segment fr. w/o seed (vs. Hirschfeldia). Non-native, invasive species, as recorded in TJM2",193
* Brassica rapa,"TURNIP, FIELD MUSTARD",Fickr,,SPEC,"Uncommon. Non-native, invasive species, as recorded in TJM2",194
* Capsella bursa-pastoris,SHEPHERD'S PURSE,Fickr,,SPEC,,195
Cardamine californica (C. californica var. c.),"MILK MAIDS, TOOTH WORT",Fickr,,SPEC,,196
* Cardamine hirsuta,HAIRY BITTER-CRESS,Fickr,,SPEC,"Stamens usually 4, rarely 5 or 6; fr pedicels erect to ascending; fr often appressed to rachis, valves glabrous; seeds narrowly margined",943
Cardamine oligosperma,FEW-SEEDED BITTER-CRESS,Fickr,,SPEC,"Stamens always 6; fruiting pedicels divaricate-ascending; fr often not appressed to rachis, valves sparsely pubescent or glabrous; seeds often not margined",197
Caulanthus lasiophyllus (Guillenia lasiophylla),CALIFORNIA MUSTARD,Fickr,,SPEC,,201
* Draba verna,WHITLOW-GRASS,Fickr,,SPEC,,199
* Hirschfeldia incana,"PERENNIAL MUSTARD, SHORTPOD MUSTARD, SUMMER MUSTARD",Fickr,,SPEC,Terminal segment fr. w/ 1-2 seeds (vs. Brassica nigra),202
W Iberis umbellata,GLOBE CANDYTUFT,Fickr,,SPEC,Persistent at Caretaker's residence,203
* Lepidium didymum (Coronopus didymus),LESSER SWINE CRESS,Fickr,,SPEC,Fruit spectacle-shaped,862
* Lepidium latifolium,PERENNIAL PEPPERWEED,Fickr,,SPEC,"Along Bear Creek. Non-native, noxious weed, as recorded in TJM2",911
"Lepidium nitidum
 (L. nitidum var. n.)",SHINING PEPPER GRASS,Fickr,,SPEC,,205
* Lepidium pinnatifidum,PINNATIFID PEPPERGRASS,Fickr,,SPEC,,206
Lepidium strictum,WAYSIDE PEPPERGRASS,Fickr,,SPEC,,207
* Lobularia maritima,SWEET ALYSSUM,Fickr,,SPEC,"Non-native, invasive species, as recorded in TJM2",208
Nasturtium officinale (Rorippa nasturtium-aquaticum),WATER CRESS,Fickr,,SPEC,,211
* Raphanus sativus,RADISH,Fickr,,SPEC,"Non-native, invasive species, as recorded in TJM2",209
Rorippa curvisiliqua,WESTERN YELLOW CRESS,Fickr,Calflora,SPEC,Sts ascending or decumbent to prostarte; gen few from base; fr 1-2 mm wide; petals 0.5-1.8 mm (vs R. palustris),210
Rorippa palustris ssp. palustris (R. p. var. occidentalis),MARSH YELLOW CRESS,Fickr,,spec,"Collected 1906 and 1977-1982 on dam and Corte Madera Creek delta. Sts erect, branched above; fr > 1.5 mm wide; petals 1.8-2.5 mm (vs. R. curvisiliqua)",212
Thysanocarpus curvipes ssp. curvipes,HAIRY FRINGEPOD,Fickr,,SPEC,"fruit usually < 5 mm long, margins entire",215
Thysanocarpus curvipes ssp. elegans,,Fickr,,SPEC,"fruit > 6 mm long, margins perforated",947
Tropidocarpum gracile,DOBIE POD,Fickr,,spec,Springer 1935 “Frequent on open hillsides.” Collected 1972 and 1977 “Near poppy knoll”; not reported since.,216
CAMPANULACEAE – BELLFLOWER FAMILY,,,,,,
Campanula griffinii,GRIFFIN HAREBELL,Fickr,,SPEC,,219
Githopsis specularoides,BLUECUP,Fickr,,DOC,Photo voucher 5/10/11 on Trail 9 opposite Q. wislizeni. Githopsis Notes,919
Heterocodon rariflorum,HETEROCODON,Fickr,,SPEC,Seldom found with corolla present,220
Triodanis biflora,SMALL VENUS’ LOOKING-GLASS,Fickr,,spec,Collected in 1921 and 1979 “NW end of Searsville Lake”; Springer 1935 “one place – open spot between chaparral and wooded slope at top of hill above lake in May;” no recent reports,221
CAPRIFOLIACEAE – HONEYSUCKLE FAMILY ,,,,,,
"Lonicera hispidula
 (L. h. var. vacillans)",HAIRY HONEYSUCKLE,Flickr,,SPEC,"Creeping or climbing vine; lf adaxial surface soft-hairy, blue-green; distal lvs freq. perfoliate",223
Lonicera involucrata var. ledebourii,TWINBERRY,,,rep,"Springer 1935 “Rare, two shrubs on San Francisquito Creek bank flowering in late April and May”",225
Symphoricarpos albus var. laevigatus,SNOWBERRY,Flickr,,SPEC,Erect shrub; lf adaxial surface glabrous,227
Symphoricarpos mollis,"CREEPING SNOWBERRY, TRIP VINE",Flickr,,SPEC,Creeping subshrub; lf adaxial surface hairy,228
CARYOPHYLLACEAE – PINK FAMILY,,,,,,
* Cerastium glomeratum,STICKY MOUSE-EAR CHICKWEED,Flickr,,SPEC,,229
Minuartia douglasii,DOUGLAS' STITCHWORT,Flickr,,SPEC,,230
* Polycarpon tetraphyllum var. t. (P. t.),FOUR-LEAVED ALLSEED,Flickr,,SPEC,,798
* Sagina apetala,DWARF PEARLWORT,Flickr,,SPEC,"Petals 0(4), if present minute; upper lf bases ciliate",231
Sagina decumbens ssp. occidentalis,WESTERN PEARLWORT,Flickr,,SPEC,"Petals gen 4-5, = sepal length; upper lvs glabrous",232
* Silene gallica,"SMALL-FLOWER CATCHFLY, WINDMILL PINK",Flickr,,SPEC,,234
Silene laciniata ssp. californica (S. californica),CALIFORNIA PINK,Flickr,,SPEC,,233
* Spergula arvensis,"STICKWORT, STARWORT",Flickr,,SPEC,,235
* Spergularia bocconi (S. bocconii),BOCCONE'S SAND-SPURREY,Flickr,,SPEC,Fls usu white. Zabel 2007 “North side of Caretaker Residence”,897
"Spergularia marina
 (S. salina)",SALTMARSH SAND-SPURREY,,,spec$,"POM151816 (1859); Porter 1962; Dengler Suppl. in April, 1977 “old bathing beach”",237
* Spergularia rubra,RED SAND-SPURREY,Flickr,,SPEC,Petals pink. Many specimens of Spergularia for review,236
* Stellaria media,COMMON CHICKWEED,Flickr,,SPEC,,238
Stellaria nitens,SHINING CHICKWEED,Flickr,,SPEC,,239
CELASTRACEAE – STAFF-TREE FAMILY,,,,,,
Euonymus occidentalis var. occidentalis,WESTERN BURNING BUSH,Flickr,,SPEC,Springer 1935 “Frequent along shady banks of the larger streams”; now uncommon,240
CHENOPODIACEAE – GOOSEFOOT FAMILY,,,,,,
"*Atriplex prostrata
 (A. triangularis)",FAT-HEN,Flickr,,SPEC,,242
* Chenopodium album,LAMB'S QUARTERS,Flickr,,REP,Dengler 1975; Corelli 2004 (photo),244
Chenopodium berlandieri var. sinuatum,PITTED GOOSEFOOT,Flickr,,SPEC,,936
Chenopodium californicum,CALIFORNIA GOOSEFOOT,Flickr,Calflora,SPEC,,247
Chenopodium rubrum var. humile (C. r.),RED PIGWEED,Flickr,Calflora,SPEC,,250
* Chenopodium vulvaria,STINKING GOOSEFOOT,Flickr,,SPEC,,864
* Dysphania ambrosioides (Chenopodium a.),MEXICAN TEA,Flickr,Calflora,SPEC,,245
* Dysphania multifida (Chenopodium m.),CUT-LEAVED GOOSEFOOT,Flickr,,spec,Collected in 1976 at Searsville Lake–Corte Madera Ceek delta; not reported since,248
CISTACEAE – ROCK-ROSE FAMILY,,,,,,
* Cistus incanus ,CRETAN ROCK-ROSE,Flickr,,spec,Collected in 1971; not reported since,251
Crocanthemum scoparium (Helianthemum s.),PEAK RUSH-ROSE,Flickr,,SPEC,Springer 1935 “Frequent in chaparral areas blooming May and June (into October)”; now infrequent,252
CONVOLVULACEAE – MORNING-GLORY FAMILY,,,,,,
Calystegia purpurata ssp. purpurata,PURPLE WESTERN MORNING-GLORY,Flickr,,SPEC,Calystegia occidentalis: the petiole and leaf sinus areas (as well as the peduncle tip) are consistently puberulent to tomentose vs. Calystegia purpurata: sparse hairs.,842
Calystegia subacaulis ssp. subacaulis,HILL MORNING-GLORY,Flickr,,SPEC,,254
* Convolvulus arvensis,"BINDWEED, ORCHARD MORNING- GLORY",Flickr,,SPEC,"Non-native, noxious weed, as recorded in TJM2",255
Cuscuta californica var. californica,CHAPARRAL DODDER,Flickr,,spec,not reported since Dengler 1975,805
Cuscuta occidentalis (C. californica var. breviflora),WESTERN DODDER,Flickr,,SPEC,Searsville Lab Landing; host Xanthium strumarium,920
Cuscuta subinclusa,CANYON DODDER,Flickr,,SPEC,,264
CORNACEAE – DOGWOOD FAMILY,,,,,,
Cornus glabrata,BROWN DOGWOOD,Flickr,,SPEC,,257
Cornus sericea ssp. sericea,AMERICAN DOGWOOD,Flickr,,SPEC,,258
CRASSULACEAE – STONECROP FAMILY,,,,,,
Crassula connata,PYGMY-WEED,Flickr,,SPEC,Fl parts in 4s; pedicels >1.5 mm; lvs rounded,260
* Crassula tillaea,MOSS PYGMY-WEED,Flickr,,SPEC,Fl parts in 3s; pedicels < .5 mm; lvs pointed,908
Sedum spathulifolium,BROADLEAF STONECROP,Flickr,,SPEC,,262
CUCURBITACEAE – GOURD FAMILY,,,,,,
Marah fabacea (M. fabaceus),CALIFORNIA MAN-ROOT,Flickr,,SPEC,,263
CUSCUTACEAE (see CONVOLVULACEAE),,,,,,
DATISCACEAE – DATISCA FAMILY,,,,,,
Datisca glomerata,DURANGO ROOT,Flickr,,SPEC,Dioecious,265
DIPSACACEAE – TEASEL FAMILY,,,,,,
* Dipsacus sativus,FULLER'S TEASEL,Flickr,,SPEC,"Non-native, invasive species, as recorded in TJM2",267
ELATINACEAE – WATERWORT FAMILY,,,,,,
Elatine brachysperma,SHORT-SEEDED WATERWORT,Flickr,,spec,Reported Dengler Suppl. 8/8/1980; collected in 1982; not reported since,268
ERICACEAE – HEATH FAMILY,,,,,,
Arbutus menziesii,PACIFIC MADRONE,Flickr,,SPEC,,269
Arctostaphylos canescens ssp. canescens,HOARY MANZANITA,,,spec,1910 collection; Uva-ursi tomentosa (Pursh) Abrams on original label. Annotated by Alice Eastwood. Not reported since,270
Arctostaphylos crustacea ssp. crustacea (A. tomentosa ssp. c.),BRITTLE-LEAVED MANZANITA,Flickr,,SPEC,Includes plants with lower lf surface sparsely hairy hairy to fairly hairy (per. com. Tom Parker). Other workers consider both ssp. crustacea and crinita are present,272
! Arctostaphylos manzanita ssp. manzanita ,MANZANITA,Flickr,iNaturalist,SPEC,"Collected in 2007; single persistent shrub, presumed garden escape",836
EUPHORBIACEAE – SPURGE FAMILY,,,,,,
Croton setigerus (Eremocarpus s.),TURKEY-MULLEIN,Flickr,,SPEC,,274
* Euphorbia lathyris,CAPER SPURGE,Flickr,,SPEC,"Proximal lvs opposite, distal cauline lvs opposite or whorled, lf margin entire (vs E. oblongata)",825
* Euphorbia maculata (Chamaesyce m.),SPOTTED SPURGE,Flickr,,SPEC,,812
* Euphorbia oblongata,EGGLEAF SPURGE,Flickr,,SPEC,"First reported in 2009. Proximal leaves alt., lf margin finely to coarsely toothed (vs E. lathyris). Non-native, noxious weed, as recorded in TJM2",934
* Euphorbia oblongata,PETTY SPURGE,Flickr,,SPEC,Lf margin entire (vs. E. spathulata),276
Euphorbia serpillifolia ssp. s. (Chamaesyce s. ssp. s.),THYME-LEAFED SPURGE,Flickr,,SPEC,First collected in 1906 ,273
Euphorbia spathulata,WARTY SPURGE,Flickr,,SPEC,Lf margin finely toothed (vs. E. peplus),277
FABACEAE – LEGUME FAMILY,,,,,,
* Acacia dealbata,SILVER WATTLE,Flickr,,SPEC,"Non-native, invasive species, as recorded in TJM2",811
* Acacia melanoxylon,BLACKWOOD ACACIA,Flickr,,SPEC,"Non-native, invasive species, as recorded in TJM2",856
Acmispon americanus var. americanus (Lotus purshianus var. p.),SPANISH CLOVER,Flickr,,SPEC,Corolla ± pink; calyx lobes >> tube (vs. A. parviflorus),291
Acmispon brachycarpus (Lotus humistratus),SHORT-PODDED TREFOIL,Flickr,,SPEC,"Corolla yellow; peduncle << 1 cm; calyx lobes 1–2 × tube; fr gen 3–4 mm wide; plant generally with soft, spreading hairs.",289
Acmispon glaber var. glaber (Lotus scoparius var. s.),"DEERWEED, CALIFORNIA BROOM",Flickr,,SPEC,,292
Acmispon parviflorus (Lotus micranthus),SMALL-FLOWERED TREFOIL,Flickr,,SPEC,"Corolla pink or salmon, quickly fading; calyx lobes ± < or = tube",290
"Acmispon strigosus
 (Lotus s.)",STRIGOSE TREFOIL,Flickr,,spec,"Collected 1903-1983 near Goya Gate and SE side of Searsville Lake; not reported since. Corolla yellow; fls 1 per leaf axil; peduncle generally > 1 cm; st prostrate, often mat-forming; leaf axis flat",293
Acmispon wrangelianus (Lotus w.),CHILE TREFOIL,Flickr,,SPEC,Corolla yellow; peduncle << 1 cm; calyx lobes ± 0.8–1.2 × tube; fr gen 2.3–3 mm wide; plant ± w/ appressed hairs,294
Astragalus gambelianus,"GAMBEL MILKVETCH, LITTLE BLUE LOCO",Flickr,,SPEC,,280
* Genista monspessulana,FRENCH BROOM,Flickr,,SPEC,"Introduced on Preserve 1962-1972; non-native noxious weed, as recorded in TJM2",282
Glycyrrhiza lepidota,WILD LICORICE,Flickr,,SPEC,,283
* Lathyrus latifolius,PERENNIAL SWEET PEA,Flickr,,SPEC,,284
Lathyrus vestitus var. vestitus,COMMON PACIFIC PEA,Flickr,,SPEC,Style tip w/ toothbrush hairs (vs. Vicia americana),287
* Lotus corniculatus,BIRD'S-FOOT TREFOIL,Flickr,,SPEC,,288
*Lotus tenuis ,NARROW-LEAF BIRD'S-FOOT TREFOIL,,,SPEC,,964
Lupinus affinis,AFFINIS LUPINE,Flickr,,SPEC,Like L. nanus but w/ tooth on keel and usu > robust w/ broader lflts,295
Lupinus bicolor,MINIATURE LUPINE,Flickr,,SPEC,Banner longer than wide (vs. L. nanus). Springer 1935 “Infrequent.”,296
Lupinus formosus var. formosus,LATE LUPINE,Flickr,,SPEC,Springer 1935 “Infrequent”; still is,297
Lupinus latifolius var. latifolius,BROAD-LEAVED LUPINE,Flickr,,SPEC,,298
Lupinus luteolus,BUTTER LUPINE,,,spec,Collected in 1958 “2 plants on sandbar along Corte Madera Creek”; not reported since. ID is probably correct; annual plant was likely adventitious in creek and did not persist. Only record for SFC watershed and San Mateo and Santa Clara counties,299
Lupinus microcarpus var. densiflorus,CHICK LUPINE,,,rep,Springer 1935 “abundant in a single location on grassy hillside in ravine”; Dengler [Notebook] 11/11/62 “to 2 in. above cotyledon leaves above fence C.M.F.”,300
Lupinus nanus,VALLEY SKY LUPINE,Flickr,,SPEC,"Banner as wide or wider than long (vs. L. bicolor). Like L. affinis but w/o tooth on keel. Springer 1935 “most common lupine on the ridge, nowhere really abundant, Mar-Apr”.",301
Lupinus succulentus,ARROYO LUPINE,Flickr,,SPEC,Lower and upper keel margins ciliate near claw (vs. L. affinus). Springer 1935 “Rare (only one plant found)”,302
* Medicago arabica,"BURCLOVER, SPOTTED BURCLOVER",Flickr,,SPEC,Leaflets usu w/ conspicuous reddish-purple spot,303
* Medicago lupulina,BLACK MEDICK,Flickr,,SPEC,"Fr 1-seeded, reniform, not spirally coiled except at tip, not prickly, black; flower 2–3 mm",304
* Medicago polymorpha,CALIFORNIA BURCLOVER,Flickr,,SPEC,"Non-native, invasive species, as recorded in TJM2",305
* Melilotus albus (M. alba),WHITE SWEETCLOVER,Flickr,,SPEC,,307
"* Melilotus indicus
 (M. indica)",SOURCLOVER,Flickr,,SPEC,,308
Pickeringia montana var. montana,CHAPARRAL PEA,Flickr,,SPEC,,309
* Robinia pseudoacacia,BLACK LOCUST,Flickr,,SPEC,"Non-native, invasive species, as recorded in TJM2",311
Rupertia physodes,CALIFORNIA TEA,Flickr,,SPEC,,312
* Spartium junceum,SPANISH BROOM,Flickr,,SPEC,"Dengler 1975; collected in San Francisquito Creek 6/3/2009; Corte Madera Cr Delta in 2014. Non-native, noxious weed, as recorded in TJM2",313
Trifolium albopurpureum (T. albopurpureum var. a.),RANCHERIA CLOVER,Flickr,,SPEC,Trifolium Guide,314
« Trifolium amoenum,SHOWY INDIAN CLOVER,Flickr,,spec$,Trifolium Guide,959
* Trifolium angstifolium,NARROW-LEAVED CLOVER,Flickr,,SPEC,Trifolium Guide,
* Trifolium arvense,RABBITFOOT CLOVER,Flickr,,SPEC,Trifolium Guide,950
Trifolium barbigerum (T. barbigerum var. b.),BEARDED CLOVER,Flickr,,SPEC,Trifolium Guide,316
Trifolium bifidum var. bifidum,PINOLE CLOVER,Flickr,,SPEC,Trifolium Guide,317
Trifolium bifidum var. decipiens,DECEPTIVE CLOVER,Flickr,,SPEC,Trifolium Guide,318
* Trifolium campestre,HOP CLOVER,Flickr,,SPEC,Trifolium Guide,319
* Trifolium cernuum,NODDING CLOVER,Flickr,,SPEC,Trifolium Guide,925
Trifolium ciliolatum,FOOTHILL CLOVER,Flickr,,SPEC,Trifolium Guide,320
Trifolium depauperatum var. amplectens,PALE SACK CLOVER,Flickr,,SPEC,Trifolium Guide,321
Trifolium depauperatum var. truncatum,TRUNCATE SACK CLOVER,Flickr,,SPEC,Trifolium Guide,322
Trifolium dichotomum (T. albopurpureum var. dichotomum),BRANCHED RANCHERIA CLOVER,Flickr,,SPEC,Trifolium Guide,315
* Trifolium dubium,LITTLE HOP CLOVER,Flickr,,SPEC,Trifolium Guide,323
Trifolium fucatum,BULL CLOVER,Flickr,,SPEC,Trifolium Guide,324
* Trifolium glomeratum,CLUSTERED CLOVER,Flickr,,SPEC,Trifolium Guide,813
Trifolium gracilentum (T. g. var. g.),PINPOINT CLOVER,Flickr,,SPEC,Trifolium Guide,325
* Trifolium hirtum,ROSE CLOVER,Flickr,,SPEC,"Non-native, invasive species, as recorded in TJM2",326
* Trifolium hybridum,ALSIKE CLOVER,Flickr,,spec,Collected in 1983 near Low Flow Crossing; not reported since,327
Trifolium microcephalum,SMALL-HEADED CLOVER,Flickr,,SPEC,Trifolium Guide,328
Trifolium microdon,THIMBLE CLOVER,Flickr,,SPEC,Trifolium Guide,329
Trifolium oliganthum,FEW-FLOWERED CLOVER,Flickr,Calflora,SPEC,Trifolium Guide,330
* Trifolium repens,WHITE CLOVER,Flickr,,SPEC,Trifolium Guide,331
* Trifolium subterraneum,SUBTERRANEAN CLOVER,Flickr,,SPEC,Trifolium Guide,332
Trifolium variegatum var. v. (T. v.),WHITE-TIPPED CLOVER,Flickr,,SPEC,Trifolium Guide,333
Trifolium willdenovii,TOMCAT CLOVER,Flickr,,SPEC,Trifolium Guide,334
* Ulex europaeus,GORSE,,,SPEC,single mature plant removed 2016,945
Vicia Americana ssp. americana,AMERICAN VETCH,Flickr,,SPEC,,336
* Vicia benghalensis,PURPLE VETCH,Flickr,,SPEC,Inflorescence 3–12-fld; fruit densely strigose (vs. V. villosa),806
* Vicia disperma,TWO-SEEDED VETCH,Flickr,,SPEC,Leaflets 12-20 (vs. V. tertrasperma),909
* Vicia sativa ssp. nigra,NARROW-LEAVED VETCH,Flickr,,SPEC,Calyx tube < 6 mm; corolla < 18 mm,338
* Vicia sativa ssp. sativa,SPRING VETCH,Flickr,,SPEC,Calyx tube 6 mm or >; corolla > 18 mm,339
* Vicia tetrasperma,SPARROW VETCH,Flickr,,SPEC,Leaflets 4-10 (vs. V. disperma),929
* Vicia villosa ssp. varia,"HAIRY VETCH, WINTER VETCH",Flickr,,SPEC,"First reported Dengler 1975; Infl. 10–25-flowered; fruit glabrous or with short, sparse appressed hairs (vs. V. benghalensis)",340
FAGACEAE – OAK FAMILY ,,,,,,
Notholithocarpus densiflorus var. densiflorus (Lithocarpus d. var. d.),"TAN OAK, TANBARK OAK",Flickr,,SPEC,One sapling reported in 2007; last seen alive in 2010,895
Quercus agrifolia var. agrifolia,"COAST LIVE OAK, ENCINA",Flickr,Calflora,SPEC,,341
Quercus agrifolia var. agrifolia x Quercus parvula shrevei ?,HYBRID OAK,,Calflora,SPEC,,788
Quercus aff. berberidifolia,SCRUB OAK,Flickr,Calflora,SPEC,,921
Quercus chrysolepis,"MAUL OAK, CANYON LIVE OAK",Flickr,iNat; Calflora,SPEC,Intermediate oaks at JRBP,342
Quercus douglasii,BLUE OAK,Flickr,,SPEC,,343
Quercus douglasii x Q.durata,HYBRID BLUE & LEATHER OAK,Flickr,Calflora,SPEC,,790
Quercus durata var. durata,LEATHER OAK,Flickr,,SPEC,,344
N Quercus durata x Q. lobata,HYBRID LEATHER & VALLEY OAK,Flickr,,spec,Collected in 1904 by LeRoy Abrams; not reported since,789
Quercus kelloggii,CALIFORNIA BLACK OAK,Flickr,,SPEC,,345
Quercus lobata,"VALLEY OAK, ROBLE",Flickr,,SPEC,,346
Quercus wislizeni var. frutescens,DWARF INTERIOR LIVE OAK,Flickr,Calflora,SPEC: determinations under review,"ID uncertain (cf. Q. parvula shrevei): Hauser, D., Keuter, A. et al. 2017. The evolution and diversification of the red oaks of the California Floristic Province (Quercus section Lobatae, series Agrifoliae). Am. J.of Bot 104 (10): 1-15. ",347
N Quercus x chasei (Q. agrifolia var. a . x Q. kelloggii),HYBRID LIVE & BLACK OAK,Flickr,,SPEC,,797
N Quercus x jolonensis (Q. douglasii x Q. lobata),HYBRID BLUE & VALLEY OAK,Flickr,,SPEC,,791
N Quercus x morehus (Q. kelloggii x Q. wislizeni),ORACLE OAK,Flickr,,spec,JROH2534 collected 3/19/1898 as Quercus; annotated Quercus X morehus by John Thomas in 1958; no currently known location,792
GARRYACEAE – SILK TASSEL FAMILY,,,,,,
Garrya elliptica,COAST SILK TASSEL,Flickr,Calflora,SPEC,,349
GENTIANACEAE – GENTIAN FAMILY,,,,,,
Cicendia quadrangularis,TIMWORT,Flickr,,SPEC,,352
"Zeltnera davyi
 (Centaurium d.)",DAVY'S CENTAURY,Flickr,,SPEC,calyx lobes keeled corolla with prominent white throat band,350
Zeltnera muehlenbergii (Centaurium m.),MONTEREY CENTAURY,Flickr,,SPEC,not like above,351
GERANIACEAE – GERANIUM FAMILY,,,,,,
* Erodium botrys,LONG-BEAKED FILAREE,Flickr,,SPEC,,353
* Erodium brachycarpum,SHORT-FRUITED FILAREE,Flickr,,spec,Collected in 1903; not reported since,354
* Erodium cicutarium,REDSTEM FILAREE,Flickr,,SPEC,"leaves compound; top of fruit tips w/glabrous pits, subtended by 1-2 glabrous ridges (vs E. moschatum). Non-native, invasive species, as recorded in TJM2",355
* Erodium moschatum,GREENSTEM FILAREE,Flickr,,SPEC,"leaves  compound; fruit tips with glandular pits, subtanded by 1-2 glandular ridges (vs E. cicutarium)",356
* Geranium dissectum,CUT-LEAVED GERANIUM,Flickr,,SPEC,"Non-native, invasive species, as recorded in TJM2",357
* Geranium molle,DOVE’S-FOOT GERANIUM,Flickr,,SPEC,,358
* Geranium purpureum,LESSER HERB ROBERT,Flickr,,SPEC,Anthers ± yellow,946
* Geranium robertianum,HERB ROBERT,Flickr,,SPEC,Anthers ± purple,359
GROSSULARIACEAE – GOOSEBERRY FAMILY,,,,,,
Ribes aureum var. gracillimum,GOLDEN CURRANT,Flickr,,SPEC,,360
Ribes californicum var. californicum,HILLSIDE GOOSEBERRY,Flickr,,SPEC,,361
Ribes divaricatum var. pubiflorum,STRAGGLE BUSH,Flickr,,SPEC,,362
Ribes malvaceum var. malvaceum,CHAPARRAL CURRANT,Flickr,,SPEC,,363
Ribes menziesii var. menziesii (R. menziesii),CANYON GOOSEBERRY,Flickr,,SPEC,Springer 1935 “Rare (3 bushes found)”; still uncommon,364
Ribes sanguineum var. glutinosum,RED-FLOWERING CURRANT,Flickr,,SPEC,,365
HALORAGACEAE – WATER-MILFOIL FAMILY,,,,,,
* Myriophyllum aquaticum,PARROT'S FEATHER,Flickr,,SPEC,"Non-native, invasive species, as recorded in TJM2",366
HYDRANGEACEAE – HYDRANGEA FAMILY,,,,,,
Whipplea modesta,MODESTY,Flickr,,SPEC,,439
HYPERICACEAE – ST. JOHN'S WORT FAMILY,,,,,,
* Hypericum calycinum,AARON'S BEARD,Flickr,,SPEC,,907
JUGLANDACEAE – WALNUT FAMILY,,,,,,
Juglans hindsii (J. californica var. hindsii),NORTHERN CALIFORNIA BLACK WALNUT,Flickr,,SPEC,,380
LAMIACEAE – MINT FAMILY,,,,,,
Clinopodium douglasii (Satureja d.),YERBA BUENA,Flickr,,SPEC,,393
* Lamium amplexicaule,HENBIT,Flickr,,SPEC,,381
* Lamium purpureum,RED HENBIT,Flickr,,SPEC,,243
Lepechinia calycina,PITCHER SAGE,Flickr,,SPEC,,382
* Marrubium vulgare,HOREHOUND,Flickr,,SPEC$,"RSA176525 1962. Non-native, invasive species, as recorded in TJM2",383
* Melissa officinalis,LEMON BALM,Flickr,,SPEC,,384
* Mentha xpiperita,PEPPERMINT,Flickr,,SPEC,"Stem 3-5 dm, glabrous; lvs petioled (vs M. spicata)",388
* Mentha pulegium,PENNYROYAL,Flickr,,SPEC,"Stem 1-3, short-hairy. Non-native, invasive species, as recorded in TJM2",386
"* Mentha spicata
 (M. spicata var. s.)",SPEARMINT,Flickr,,SPEC,"Stem 3-10(12), glabrous; lvs sessile (vs M. piperita)",387
* Mentha suaveolens,PINEAPPLE MINT,Flickr,,SPEC,"Stem 5-10 dm, soft-hairy (vs other Mentha spp)",900
Monardella villosa ssp. villosa,COYOTE-MINT,Flickr,,SPEC,,389
Pogogyne serpylloides,THYMELEAF BEARDSTYLE,Flickr,,SPEC,Leaves gland-dotted,390
Prunella vulgaris var. lanceolata,SELF-HEAL,Flickr,,SPEC,,863
N Rosmarinus officinalis,ROSEMARY,Flickr,,SPEC,Occasional plant found and removed,917
Salvia columbariae,CHIA,Flickr,,SPEC,,392
Scutellaria tuberosa,DANNIE'S SKULL CAP,Flickr,,SPEC,,394
Stachys bullata,CALIFORNIA HEDGE NETTLE,Flickr,,SPEC,Corolla tube not pouched; infl elongated,396
Stachys pycnantha,SHORT-SPIKED HEDGE NETTLE,Flickr,,SPEC,Corolla tube pouched; infl compact; usually serpentine seeps (vs S. rigida),397
Stachys rigida var. quercetorum,RIGID HEDGE NETTLE,Flickr,,SPEC,Corolla tube pouched; infl elongate (vs S. pycnantha). Look for var. rigida,924
LINACEAE – FLAX FAMILY,,,,,,
Hesperolinon micranthum,SMALL-FLOWERED DWARF FLAX,Flickr,,SPEC,,399
* Linum bienne,NARROW-LEAVED FLAX,Flickr,,SPEC,,832
LYTHRACEAE – LOOSESTRIFE FAMILY,,,,,,
Ammannia robusta,ROBUST AMMANNIA,Flickr,,spec,Collected in 1982 “old bathing beach”; not reported since,401
* Lythrum hyssopifolia (L. hyssopifolium),GRASS POLY,Flickr,,SPEC,"Non-native, invasive species, as recorded in TJM2",403
* Lythrum tribracteatum,THREEBRACT LOOSESTRIFE,Flickr,,spec,Collected in 1981 “old bathing beach”; not reported since,807
MALVACEAE – MALLOW FAMILY,,,,,,
« Malacothamnus fasciculatus,CHAPARRAL MALLOW,Flickr,Calflora,SPEC,"Malacothamnus arcuatus, syn. of M. fasciculatus in TJM1, was RANK 1B.2. Springer 1935 Sphaeralcea arcuata “infrequent” but evidently more widespread than at present",404
* Malva nicaeensis,BULL MALLOW,Flickr,,SPEC,,405
Malvella leprosa,ALKALI-MALLOW,Flickr,Calflora,SPEC,2020 Searsville dry lakebed,960
Sidalcea malviflora ssp. malviflora,"CHECKERBLOOM, CHECKERMALLOW",Flickr,,SPEC,,407
MONTIACEAE – MINER’S LETTUCE FAMILY,,,,,,
Calandrinia menziesii (C. ciliata),RED MAIDS,Flickr,,SPEC,,478
Claytonia exigua ssp. exigua,SLENDER CLAYTONIA,Flickr,,SPEC,,479
Claytonia parviflora ssp. parviflora,SMALL-FLOWERED CLAYTONIA,Flickr,,SPEC,,808
Claytonia perfoliata ssp. perfoliata,MINER'S LETTUCE,Flickr,,SPEC,,480
Montia fontana,"WATER CHICKWEED, BLINKS",Flickr,Calflora,SPEC,,481
MORACEAE – MULBERRY FAMILY,,,,,,
* Ficus carica,EDIBLE FIG,Flickr,,SPEC,"Non-native, invasive species, as recorded in TJM2",408
MYRSINACEAE – MYRSINE FAMILY,,,,,,
* Lysimachia arvensis (Anagallis a.),SCARLET PIMPERNEL,Flickr,,SPEC,,483
Lysimachia latifolia (Trientalis l.),PACIFIC STARFLOWER,Flickr,,SPEC,,487
Lysimachia minima (Anagallis m.; Centunculus minimus),CHAFFWEED,Flickr,,spec,Collected 1962-1981 “Grassy meadows in [blue] oak woodlands” and “Low wet areas in grasslands”; not reported since,484
MYRTACEAE – MYRTLE FAMILY,,,,,,
* Eucalyptus globulus,BLUE GUM,Flickr,,SPEC,"Non-native, invasive species, as recorded in TJM2",409
* Myrtus communis,MYRTLE,Flickr,,SPEC,"Abundant at Hermit Cabin site; persistent, appears to spread vegetatively",410
OLEACEAE – OLIVE FAMILY,,,,,,
Fraxinus latifolia,OREGON ASH,,Calflora,SPEC,,967
* Ligustrum lucidum,CHINESE PRIVET,Flickr,,SPEC,"Non-native, invasive species, as recorded in TJM2",879
N Ligustrum vulgare,COMMON PRIVET,Flickr,,SPEC,Naturalized,931
* Olea europaea,OLIVE,Flickr,,SPEC,"Non-native, invasive species, as recorded in TJM2",412
ONAGRACEAE – EVENING-PRIMROSE FAMILY,,,,,,
Camissoniopsis intermedia,INTERMEDIATE SUNCUP,Flickr,Calflora,SPEC,Old Beach sand sourced from Santa Cruz County,949
Camissoniopsis micrantha (Camissonia m.),MINATURE SUNCUP,Flickr,,spec,Collected in 1972 (single plant in Road E near big inlet); not reported since,413
Clarkia purpurea ssp. quadrivulnera,FOUR-SPOT,Flickr,,SPEC,Ovary 8-grooved; stigma not exerted beyond anthers; petals 5-15 mm,415
Clarkia purpurea ssp. viminea,LARGE GODETIA,Flickr,,SPEC,Ovary 8-grooved; stigma exerted beyond anthers; petals 15-30 mm,416
Clarkia rubicunda,FAREWELL-TO-SPRING,Flickr,,SPEC,Ovary 4-grooved; reddish spot or zone at petals' base,417
Clarkia unguiculata,ELEGANT CLARKIA,Flickr,Calflora,SPEC,,418
Epilobium brachycarpum,PANICLED WILLOWHERB,Flickr,,SPEC,"Annual; stem readily shredding; leaves opposite near base only; generally in dry grassland, serpentine, disturbed areas",419
Epilobium ciliatum ssp. ciliatum,COMMON WILLOWHERB,Flickr,,SPEC,"Perennial; stem glabrous; leaves opposite up to inflorescence; generally along stream banks, moist areas",420
Epilobium densiflorum,DENSE-FLOWERED WILLOWHERB,Flickr,,SPEC,,422
Epilobium minutum,MINUTE WILLOWHERB,Flickr,,SPEC,Annual; seed hair-tuft; locally abundant (vs E. torreyi),423
Epilobium torreyi,TORREY’S WILLOWHERB,Flickr,Calflora,SPEC,Annual; seed hair-tuft 0; uncommon (vs E. minutum),425
* Ludwigia peploides ssp. peploides,CALIFORNIA WATER PRIMROSE,Flickr,,SPEC,,427
Oenothera elata ssp. hookeri,HOOKER'S EVENING-PRIMROSE,Flickr,,SPEC,,428
"Taraxia ovata
 (Camissonia o.)",COAST SUNCUP,Flickr,,SPEC,,414
OROBANCHACEAE – BROOMRAPE FAMILY,,,,,,
"Aphyllon franciscanum (Orobanche fasciculata, A. fasciculatum misapplied)",CLUSTERED BROOMRAPE,Flickr,,SPEC,"host Eriogonum nudum; Adam C. Schneider, Ben E. Benton
Systematic Botany Vol. 46, Issue 2 (Aug 2021), pg(s) 446-455",431
Aphyllon purpureum (Orobanche uniflora),NAKED BROOMRAPE,,,spec,"Collected in 1968 in blue oak woodland N end of Ridge; not reported since. Ecology: Generally moist places, on herbs, especially Senecio aronicoides, Antennaria, Sedum, Apiaceae, Saxifragaceae (TJM2)",432
Aphyllon tuberosum (Orobanche bulbosa),CHAPARRAL BROOMRAPE,Flickr,,spec,"Collected in 1906 “Searsville Lake under Sambucus” and 1977 near Road E; not reported since. Ecology: Openings in chaparral, generally on Adenostoma fasciculatum (TJM2)",429
Aphyllon vallicolum (Orobanche vallicola),HILLSIDE BROOMRAPE,Flickr,Calflora,SPEC,Trail 2 and 12; host Sambucus,839
* Bellardia trixago,MEDITERRANEAN LINSEED,Flickr,,SPEC,"Springer 1935 “Rare, two plants found in level field in May”; uncommon. Non-native, invasive species, as recorded in TJM2",556
Castilleja affinis ssp. affinis,INDIAN PAINTBRUSH,Flickr,,SPEC,,557
Castilleja attenuata,VALLEY TASSELS,Flickr,,SPEC,,558
Castilleja densiflora ssp. densiflora,OWL'S-CLOVER,Flickr,,SPEC,"Corolla beak tip straight, with short hairs; filaments glabrous vs. corolla beak tip hooked, densely shaggy-hairy; filaments puberulent (C. exserta)",559
N Castilleja densiflora x Castilleja rubicundula ssp. lithospermoides,HYBRID OWL'S-CLOVER,Flickr,,SPEC,"JROH3977, JROH4012",793
Castilleja exserta ssp. exserta,PURPLE OWL'S-CLOVER,,iNat (most are C. densiflora); Calflora,REP,"Corolla beak tip hooked, densely shaggy-hairy; filaments puberulent vs. corolla beak tip straight, with short hairs; filaments glabrous  (C. densiflora) ",560
Castilleja foliolosa,WOOLLY PAINTBRUSH,,,rep,"Springer 1935 “Frequent on dry hillsides, especially in rocky places”; Moldenke 1971; Dengler 1975; not reported since",561
Castilleja rubicundula ssp. lithospermoides,CREAM SACS,Flickr,,SPEC,,562
Castilleja wightii,WIGHT'S PAINTBRUSH,,,spec,"Collected once in 1961 along Corte Madera Creek, south end of Preserve",564
Cordylanthus pilosus ssp. pilosus,HAIRY BIRD'S-BEAK,Flickr,,SPEC,,567
Cordylanthus rigidus ssp. rigidus,STIFFLY-BRANCHED BIRD'S-BEAK,Flickr,,SPEC,,568
* Parentucellia viscosa,YELLOW GLANDWEED,Flickr,,SPEC,"Non-native, invasive species, as recorded in TJM2",850
Pedicularis densiflora,INDIAN WARRIOR,Flickr,,SPEC,,580
Triphysaria eriantha ssp. eriantha,"BUTTER-AND-EGGS, JOHNNY-TUCK",Flickr,,spec,Collected in 1896 “Searsville Ridge”; not reported since,582
Triphysaria pusilla,DWARF ORTHOCARPUS,Flickr,,SPEC,,583
OXALIDACEAE - OXALIS FAMILY,,,,,,
* Oxalis corniculata,CREEPING WOOD-SORREL,Flickr,,SPEC,,433
* Oxalis micrantha,DWARF WOOD-SORREL,Flickr,,SPEC,First report 2013,938
Oxalis oregana,REDWOOD SORREL,Flickr,,spec,Collected in 1915; not reported since,434
* Oxalis pes-caprae,BERMUDA BUTTERCUP,Flickr,,SPEC,"Common and spreading in shady places. Non-native, invasive species, as recorded in TJM2",435
PAPAVERACEAE – POPPY FAMILY,,,,,,
Eschscholzia californica,CALIFORNIA POPPY,Flickr,,SPEC,,437
* Fumaria capreolata,WHITE RAMPING FUMITORY,Flickr,,SPEC,,814
Platystemon californicus,CREAM CUPS,Flickr,,SPEC,Not reported since 2002. Earliest report by Moeur 1947 “infrequent in moist meadows and along roadsides in February and March”,438
PHRYMACEAE – LOPSEED FAMILY ,,,,,,
Diplacus douglasii (Mimulus douglasii),PURPLE MOUSE-EARS,Flickr,,SPEC,,578
Diplacus aurantiacus (Mimulus aurantiacus var. aurantiacus),STICKY MONKEYFLOWER,Flickr,,SPEC,,576
Erythranthe cardinalis (Mimulus cardinalis),SCARLET MONKEYFLOWER,Flickr,,SPEC,,577
Erythranthe microphylla (Mimulus guttatus in part),,Flickr,,SPEC,,400
Erythranthe guttata (Mimulus guttatus in part),COMMON LARGE MONKEYFLOWER,Flickr,,SPEC,,579
PLANTAGINACEAE - PLANTAIN FAMILY ,,,,,,
Antirrhinum kelloggii,LAX SNAPDRAGON,Flickr,,spec,Collected in 1968 from seeds grown in a flat; seeds collected on ground in west- facing chaparral slope; not reported since,554
Antirrhinum vexillocalyculatum ssp. v.,WIRY SNAPDRAGON,Flickr,Calflora,DOC,Springer 1935 “edge of shady area at the margin of the lake. Three specimens in June and July”; seedlings photographed in 2019,555
Callitriche marginata,CALIFORNIA WATER-STARWORT,Flickr,Calflora,SPEC,,218
Collinsia heterophylla var. heterophylla,CHINESE-HOUSES,Flickr,,SPEC,,565
Collinsia sparsiflora var. collina,BLUE-EYED MARY,Flickr,,SPEC,,566
* Digitalis purpurea,FOXGLOVE,,,DOC,"Observed in 2001 at W end of Leonard’s Bridge, persistent for several years; not seen again after area mowed. Non-native, invasive species, as recorded in TJM2",569
! Keckiella antirrhinoides var. antirrhinoides,CHAPARRAL BEARDTONGUE,Flickr,,SPEC,Dengler 1984: Single plant first reported as a large shrub in 1953,570
* Kickxia elatine,SHARP-LEAVED FLUELLIN,Flickr,,SPEC,Leaves lobed at base (vs. K. spuria),571
* Kickxia spuria,ROUND-LEAVED FLUELLIN,Flickr,,SPEC,Leaves not lobed at base,572
Nuttallanthus texanus (Linaria canadensis),BLUE TOADFLAX,,,SPEC,,575
* Plantago coronopus,CUT-LEAVED PLANTAIN,Flickr,,SPEC,,815
Plantago erecta,CALIFORNIA PLANTAIN,Flickr,,SPEC,,440
* Plantago lanceolata,ENGLISH PLANTAIN,Flickr,,SPEC,"Non-native, invasive species, as recorded in TJM2",441
* Plantago major,COMMON PLANTAIN,Flickr,,SPEC,,442
Veronica americana,AMERICAN BROOKLIME,Flickr,,SPEC,,586
* Veronica arvensis,CORN SPEEDWELL,Flickr,,SPEC,,810
Veronica peregrina ssp. xalapensis,PURSLANE SPEEDWELL,Flickr,,spec,Collected in 1974. Reported in Dengler Suppl. on 4/3/1978 “Puddle in Road F near blue oaks”; not reported since,587
* Veronica persica,PERSIAN SPEEDWELL,Flickr,,SPEC,,588
POLEMONIACEAE – PHLOX FAMILY,,,,,,
Collomia heterophylla,VARIABLE-LEAF COLLOMIA,Flickr,Calflora,SPEC,,444
Eriastrum abramsii,ABRAMS' ERIASTRUM,Flickr,,SPEC,,445
Gilia achilleifolia ssp. multicaulis,CALIFORNIA GILIA,Flickr,,SPEC,,447
Gilia clivorum,PURPLESPOT GILIA,Flickr,,SPEC,Corolla throat w/ purple spots,448
Leptosiphon androsaceus (Linanthus a.),COMMON LEPTOSIPHON,Flickr,,SPEC,"Calyx hairs sparse or 0 except on margins, nonglandular (vs L. parviflorus)",450
"Leptosiphon bicolor
 (Linanthus b.)",BICOLORED LEPTOSIPHON,Flickr,Calflora,SPEC,,451
Leptosiphon liniflorus (Linanthus l.),FLAX-FLOWERED LEPTOSIPHON,Flickr,,SPEC,Collected in 1895 “near Searsville”; not reported since,453
Leptosiphon parviflorus (Linanthus p.),SMALL-FLOWERED LEPTOSIPHON,Flickr,,SPEC,"Calyx densely hairy, glandular (vs L. androsaceus)",454
Leptosiphon pygmaeus ssp. continentalis (Linanthus p. ssp. c),PYGMY LEPTOSIPHON,Flickr,Calflora,SPEC,,455
Linanthus dichotomus,EVENING SNOW,Flickr,,spec,Collected 1896-1920 on “ridge”; not reported since,452
Microsteris gracilis (Phlox g.),SLENDER PHLOX,Flickr,,SPEC,Tiny plant on serpentine w/ opposite leaves and hairy calyx,459
Navarretia heterodoxa,CALISTOGA NAVARRETIA,Flickr,,SPEC,"Style, stamens exerted",456
Navarretia squarrosa,SKUNKWEED,Flickr,,SPEC,"Style, stamens included; stamen attachment in floral tube",457
Navarretia viscidula,STICKY NAVARRETIA,Flickr,,spec,Collected in 1973 “SE side Searsville Lake 300 m from lake edge by disused path”; not reported since. Poor specimen; ID uncertain,458
POLYGALACEAE – MILKWORT FAMILY,,,,,,
Polygala californica,CALIFORNIA MILKWORT,Flickr,,SPEC,,460
POLYGONACEAE - BUCKWHEAT FAMILY,,,,,,
Chorizanthe diffusa,DIFFUSE SPINEFLOWER,Flickr,,spec,"Collected in 1901 and 1910 “Dry rocky areas in chaparral and grassland""; Dengler 1975; not reported since",461
Eriogonum luteolum var. luteolum,GOLDEN-CARPET WILD BUCKWHEAT,Flickr,,SPEC,Annual; leaf blades round-ovate to rounded or reniform; perianth white to rose or yellow,462
Eriogonum nudum var. auriculatum,EAR-SHAPED WILD BUCKWHEAT,Flickr,,SPEC,,463
Persicaria amphibia (Polygonum amphibium var. emersum),WATER SMARTWEED,Flickr,,SPEC,Perennial; flower reddish,464
Persicaria hydropiperoides,WATER PEPPER,,Calflora,SPEC,"Perennial, rhizomes; achenes trigonous (vs. P. maculosa)",965
Persicaria lapathifolia (Polygonum lapathifolium),WILLOW WEED,Flickr,Calflora,SPEC,"Searsville Lake, 1909 to present",466
* Persicaria maculosa (Polygonum persicaria),LADY'S THUMB,Flickr,,SPEC,"Annual; flower pink or rose, perianth not gland-dotted; achenes mostly lenticular (vs. P. hydropiperoides)",467
Persicaria punctata (Polygonum punctatum),PUNCTATE SMARTWEED,Flickr,,SPEC,Perennial; flower green to white; perianth gland-dotted,468
* Polygonum aviculare ssp. depressum (P. arenastrum),"KNOTWEED, KNOTGRASS",Flickr,,SPEC,,465
Pterostegia drymarioides,WOODLAND THREADSTEM,Flickr,,SPEC,,469
* Rumex acetosella,SHEEP SORREL,Flickr,,SPEC,"Non-native, invasive species, as recorded in TJM2",470
* Rumex conglomeratus,CLUSTERED GREEN DOCK,Flickr,,SPEC,Key to Rumex,471
* Rumex crispus,CURLY DOCK,Flickr,,SPEC,"Non-native, invasive species, as recorded in TJM2",472
* Rumex obtusifolius,BITTER DOCK,,,SPEC,"Springer 1935 “roadsides, near lake and buildings”; Moeur 1947. Dengler [Notebook] 9/24/1962 “horizontal branching from divaricate stems . . . Top of ridge.” Dengler [Notebook] 8/18/63: “perianth seg. very weakly toothed”",474
* Rumex pulcher,FIDDLE DOCK,Flickr,,SPEC,Key to Rumex,475
Rumex salicifolius (R. salicifolius var. s.),WILLOW DOCK,Flickr,,SPEC,Key to Rumex,476
PORTULACACEAE – PURSLANE FAMILY ,,,,,,
* Portulaca oleracea,PURSLANE,Flickr,,SPEC,,482
PRIMULACEAE – PRIMROSE FAMILY,,,,,,
Primula clevelandii var. patula (Dodecatheon c. ssp. patulum),LOWLAND SHOOTING STAR,Flickr,,SPEC,Stem green,485
Primula hendersonii (Dodecatheon h.),"MOSQUITO BILL(S), SAILOR CAPS",Flickr,,SPEC,Stem red,486
RANUNCULACEAE - BUTTERCUP FAMILY,,,,,,
Actaea rubra,BANEBERRY,Flickr,,SPEC,,489
Aquilegia formosa,CRIMSON COLUMBINE,Flickr,,SPEC,,490
Clematis lasiantha,"CHAPARRAL CLEMATIS, PIPESTEM CLEMATIS",Flickr,,SPEC,,491
Clematis ligusticifolia,WESTERN VIRGIN'S BOWER,Flickr,,SPEC,Springer 1935 “Rather rare”,492
Flickr,COAST OR CALIFORNIA LARKSPUR,Flickr,,SPEC,,493
Delphinium hesperium ssp. hesperium,WESTERN LARKSPUR,Flickr,,SPEC,Serpentine only,494
Delphinium patens ssp. patens,SPREADING OR ZIGZAG LARKSPUR,Flickr,,SPEC,Not on serpentine,495
Delphinium variegatum ssp. variegatum,ROYAL LARKSPUR,Flickr,,spec,Collected 1954-1980 in serpentine grassland on NW part of Ridge; not reported since. Springer 1935 “Infrequent”,496
Myosurus minimus,COMMON MOUSETAIL,Flickr,,spec,Collected 1981 “low area where water stands in mid-season below dam”; not reported since,799
Ranunculus aquatilis var. diffusus ,,,,doc,"May, 1981, Dengler: ""by trail at small pond in the Nolan Creek delta area""; not reported since",
Ranunculus californicus,CALIFORNIA BUTTERCUP,Flickr,,SPEC,Abnormal forms are found in which all flower parts are sepaloid ,498
Ranunculus hebecarpus,PUBESCENT-FRUITED BUTTERCUP,Flickr,,SPEC,,499
* Ranunculus muricatus,PRICKLE-FRUITED BUTTERCUP,Flickr,,SPEC,,500
Ranunculus uncinatus,BARBED BUTTERCUP,Flickr,,SPEC,,939
Thalictrum fendleri var. polycarpum,MEADOW-RUE,Flickr,,SPEC,,501
RHAMNACEAE – BUCKTHORN FAMILY,,,,,,
Ceanothus cuneatus var. cuneatus,BUCKBRUSH,Flickr,,SPEC,"Leaves, branching opposite; single prominent midvein",502
Ceanothus oliganthus var. sorediatus,JIM BRUSH,Flickr,,SPEC,"Leaves alternate, 3-veined from base; margins minutely gland-toothed",503
Frangula californica ssp. californica (Rhamnus c. ssp. c.),CALIFORNIA COFFEE BERRY,Flickr,,SPEC,Leaves without hairs below,504
Frangula californica ssp. tomentella (Rhamnus tomentella ssp. t.),HOARY COFFEE BERRY,Flickr,Calflora,SPEC,Leaves very short-tomentose below only. Common along Tr.15 in serpentine. These plants have also been referred to as F. c. ssp. c.; consensus lacking,507
* Rhamnus alaternus,ITALIAN BUCKTHORN,Flickr,Calflora,SPEC,,
Rhamnus crocea,SPINY REDBERRY,Flickr,,SPEC,Leaves ≤ 15 mm,505
Rhamnus ilicifolia,HOLLYLEAF REDBERRY,Flickr,,SPEC,"Leaves ≥ 15 mm. reported by different workers (J. Griffin transect east of Trail 3, 1979-81 unpub data). These plants have also been referred to as R. crocea; consensus lacking",506
ROSACEAE – ROSE FAMILY,,,,,,
Adenostoma fasciculatum var. fasciculatum (A. fasciculatum),"CHAMISE, GREASEWOOD",Flickr,,SPEC,,508
Amelanchier utahensis,UTAH SERVICE-BERRY,Flickr,,SPEC,,509
Aphanes occidentalis,WESTERN LADY'S MANTLE,Flickr,,SPEC,,510
Cercocarpus betuloides var. betuloides,BIRCH-LEAF MOUNTAIN- MAHOGANY,Flickr,,SPEC,,511
* Cotoneaster pannosus (C. pannosa),SILVERLEAF COTONEASTER,Flickr,,SPEC,"Non-native, invasive species, as recorded in TJM2",512
* Crataegus monogyna,ONE-SEEDED HAWTHORN,Flickr,,SPEC,"Non-native, invasive species, as recorded in TJM2",514
Drymocallis glandulosa var. wrangelliana (Potentilla glandulosa),STICKY CINQUEFOIL,Flickr,,SPEC,Stamens > 10; multiple locations (vs Horkelia),521
* Duchesnea indica var. indica,MOCK-STRAWBERRY,Flickr,,SPEC,,899
Fragaria vesca,WOOD STRAWBERRY,Flickr,,SPEC,,515
Heteromeles arbutifolia,"CHRISTMAS BERRY, TOYON",Flickr,,SPEC,,516
Holodiscus discolor var. discolor,OCEANSPRAY,Flickr,,SPEC,,517
Horkelia californica var. californica (H. californica ssp. c.),CALIFORNICA HORKELIA,Flickr,,SPEC,Stamens 10; single location (vs Drymocallis),518
Oemleria cerasiformis,OSO BERRY,Flickr,,SPEC,,519
Physocarpus capitatus,PACIFIC NINEBARK,Flickr,,SPEC,,520
Prunus emarginata,BITTER CHERRY,Flickr,,spec,"Collected in 1903 “Searsville Lake”; not reported since. Bitter cherry grows today along the Lost Trail, Windy Hill Preserve, in the upper watershed of Corte Madera Creek",522
Prunus ilicifolia ssp. ilicifolia,"ISLAY, HOLLY-LEAFED CHERRY",Flickr,,SPEC,,523
* Prunus cerasifera,CHERRY PLUM,Flickr,,SPEC,Non-native invasive ,892
Prunus subcordata,"PACIFIC PLUM, SIERRA PLUM",Flickr,,spec,Collected in 1921 “near Zoology Cabin at edge of redwoods”; not reported since,524
Prunus virginiana var. demissa,WESTERN CHOKE CHERRY,Flickr,,SPEC,,525
* Pyracantha fortuneana,FIRETHORN,Flickr,,SPEC,,526
N Rosa banksiae,LADY BANKS’ ROSE,Flickr,,DOC,Single plant at Hermit Cabin site; persistent,876
Rosa californica,CALIFORNIA ROSE,Flickr,,SPEC,Prickles thick-based generally curved,527
Rosa gymnocarpa var. gymnocarpa,WOOD ROSE,Flickr,,SPEC,Plants usually w/slender straight prickles; hypanthium glabrous; sepals deciduous (vs R. spithamea),528
N Rosa laevigata,CHEROKEE ROSE,Flickr,,SPEC,Rosa laevigata planted along the Sand Hill Road fence between 1975 & 1980; some plants persistent. Prickles like R. californica,529
Rosa spithamea,COAST GROUND ROSE,Flickr,,SPEC,"Plants usually w/slender straight prickles; hypanthium glandular, sepals persistent (vs R. gymnocarpa)",530
"* Rubus armeniacus
 (R. discolor)",HIMALAYAN BLACKBERRY,Flickr,,SPEC,"Non-native, invasive species, as recorded in TJM2",531
Rubus parviflorus,THIMBLEBERRY,Flickr,,SPEC,,532
Rubus ursinus,CALIFORNIA BLACKBERRY,Flickr,,SPEC,,533
RUBIACEAE – MADDER FAMILY,,,,,,
Galium aparine,GOOSE GRASS,Flickr,,SPEC,,535
Galium californicum ssp. californicum,CALIFORNIA BEDSTRAW,Flickr,,SPEC,"Perennial; leaves generally in whorls of 4;  plants low, cushion-like; not woody above ground",536
* Galium murale,TINY BEDSTRAW,Flickr,,SPEC,,537
* Galium parisiense,WALL BEDSTRAW,Flickr,,SPEC,,951
Galium porrigens var. porrigens,CLIMBING BEDSTRAW,Flickr,,SPEC,Perennial; leaves generally in whorls of 4; plants often climbing; generally woody above ground,538
Galium triflorum,SWEET-SCENTED BEDSTRAW,Flickr,Calflora,SPEC,Perennial; leaves generally in whorls of 6; fragrant,540
* Sherardia arvensis,FIELD MADDER,Flickr,,SPEC,,541
SALICACEAE – WILLOW FAMILY,,,,,,
Populus trichocarpa (P. balsamifera ssp. t.),BLACK COTTONWOOD,Flickr,,SPEC,,542
Salix exigua var. hindsiana (S. exigua),HINDS' WILLOW,Flickr,,SPEC,"Rhizomatous shrubs with linear leaf blades, forming dense clonal stand or sometimes isolated plants; stamens 2/flower",543
Salix laevigata,RED WILLOW,Flickr,,SPEC,Tree with generally lanceolate leaf blades; petiole without glands distally; fused bud scale margins; stamens 5/flower,544
Salix lasiandra var. lasiandra (S. lucida ssp. lasiandra),PACIFIC OR YELLOW WILLOW,Flickr,,SPEC,"Tree with generally lanceolate, acuminate leaf blades; petiole with glands distally; bud scale margins free, overlapping; glandular stipules prominent; stamens 3-5/flower",546
Salix lasiolepis,ARROYO WILLOW,Flickr,,SPEC,Shrub or small tree with generally oblanceolate leaf blades (widest at middle or above); stamens 2/flower,545
SAPINDACEAE – SOAPBERRY FAMILY,,,,,,
Acer macrophyllum,BIG-LEAF MAPLE,Flickr,,SPEC,,23
Acer negundo (A. n. var. californicum),BOX ELDER,Flickr,,SPEC,,24
Aesculus californica,CALIFORNIA BUCKEYE,Flickr,,SPEC,,367
SAXIFRAGACEAE – SAXIFRAGE FAMILY,,,,,,
Boykinia occidentalis,COAST BOYKINIA,Flickr,Calflora,SPEC,,548
Heuchera micrantha,ALUMROOT,Flickr,,SPEC,,549
Lithophragma affine,WOODLAND STAR,Flickr,,SPEC,,550
Lithophragma heterophyllum,HILL STAR,Flickr,,SPEC,,551
Micranthes californica (Saxifraga c.),CALIFORNIA SAXIFRAGE,Flickr,Calflora,SPEC,,552
Tellima grandiflora,FRINGE CUPS,Flickr,,SPEC,,553
SCROPHULARIACEAE – FIGWORT FAMILY ,,,,,,
Limosella acaulis,STEMLESS MUDWORT,Flickr,,SPEC,"Collected 1980–2004 near Searsville Lab Landing, sometimes abundant; not reported since",573
Scrophularia californica (S. californica ssp. c.),"CALIFORNIA FIGWORT, BEE PLANT",Flickr,,SPEC,,581
* Verbascum thapsus,WOOLLY MULLEIN,Flickr,,SPEC,"Non-native, invasive species, as recorded in TJM2",585
SIMAROUBACEAE – QUASSIA/SIMAROUBA FAMILY,,,,,,
* Ailanthus altissima,TREE OF HEAVEN,Flickr,,SPEC,"Non-native, noxious weed, as recorded in TJM2",589
SOLANACEAE – NIGHTSHADE FAMILY,,,,,,
* Datura stramonium,JIMSON WEED,Flickr,,SPEC,Collected in 1976; reported 9/2000 Corte Madera Creek floodplain; not reported since,590
* Nicotiana acuminata var. multiflora,MANY-FLOWERED TOBACCO,Flickr,,SPEC,,591
Petunia parviflora,WILD PETUNIA,Flickr,,spec,Collected in 1909 “Searsville Lake”; not reported since,592
* Physalis philadelphica,TOMATILLO,Flickr,Calflora,SPEC,San Franciaquito Creek,593
Solanum americanum,SMALL-FLOWERED NIGHTSHADE,Flickr,,SPEC,Glandular hairs 0; seed 1.5-2 mm overlaps with or in the S. nigra range. Hairs of our plants are mostly curved and appressed except for the lf blades where hairs sometimes curved and spreading,594
Solanum umbelliferum,BLUE WITCH,Flickr,,SPEC,,596
THYMELAEACEAE – DAPHNE FAMILY,,,,,,
« Dirca occidentalis,WESTERN LEATHERWOOD,Flickr,Calflora,SPEC,RANK 1B.2,597
ULMACEAE – ELM FAMILY,,,,,,
W Ulmus minor,ENGLISH ELM,Flickr,,SPEC,,598
URTICACEAE – NETTLE FAMILY,,,,,,
Hesperocnide tenella,WESTERN NETTLE,Flickr,,SPEC,,599
* Soleirolia soleirolii,BABY'S TEARS,Flickr,,SPEC,,844
Urtica dioica ssp. holosericea,HOARY NETTLE,Flickr,,SPEC,,600
VALERIANACEAE – VALERIAN FAMILY,,,,,,
Plectritis ciliosa (P. c. ssp. insignis),LONG-SPURRED PLECTRITIS,Flickr,,SPEC,"Corolla 2-lipped, pink to dark pink, with two reddish spots between upper and lower lips; spur slender",604
Plectritis congesta ssp. brachystemon (P. b.),PALE PLECTRITIS,Flickr,,SPEC,Spur minute,602
Plectritis macrocera,WHITE PLECTRITIS,Flickr,,SPEC,"Corolla ± radial, white to pale pink; corolla lobes ± equal; spur thick, blunt",605
VERBENACEAE – VERVAIN FAMILY,,,,,,
Phyla nodiflora (P. nodiflora var. n.),GARDEN LIPPIA,Flickr,,SPEC,Collected in 2001 at Searsville Lab Landing; not reported since,819
* Verbena bonariensis,CLUSTERFLOWER VERVAIN,Flickr,,SPEC,,824
Verbena lasiostachys var. lasiostachys,CALIFORNIA VERVAIN,Flickr,,SPEC,"Nutlet scar ± brown, ± rough at 20×",606
Verbena lasiostachys var. scabrida,ROBUST VERVAIN,Flickr,,SPEC,Nutlet scar white-papillate at 20×,607
VIOLACEAE – VIOLET FAMILY,,,,,,
Viola ocellata,"WESTERN HEART'S EASE, TWO-EYED VIOLET",Flickr,,spec,Collected in 1893 and 1972 near Leopard Lily site Trail 1; not reported since,608
VISCACEAE – MISTLETOE FAMILY,,,,,,
Phoradendron leucarpum ssp. tomentosum (P. serotinum ssp. t.; P. villosum),AMERICAN MISTLETOE,Flickr,,SPEC,,609
VITACEAE – GRAPE FAMILY,,,,,,
Parthenocissus inserta,WOODBINE,Flickr,,SPEC,redetermined,958
Parthenocissus quinquefolia,,,,SPEC,,948
* Vitis vinifera,WINE GRAPE,Flickr,,SPEC,Planted at Hermit Cabin site; persistent,826
ZYGOPHYLLACEAE – CALTROP FAMILY,,,,,,
* Tribulus terrestris,"PUNCTURE VINE, CALTROP",Flickr,,SPEC,"Uncommon non-native, noxious weed, as recorded in TJM2",855
MONOCOTS,,,,,,
AGAVACEAE – CENTURY-PLANT FAMILY,,,,,,
Chlorogalum pomeridianum var. pomeridianum,"AMOLE, SOAP PLANT",Flickr,,SPEC,,667
ALISMATACEAE – WATER-PLANTAIN FAMILY,,,,,,
Alisma triviale (A. plantago-aquatica),COMMON WATER-PLANTAIN,Flickr,,SPEC,,610
Echinodorus berteroi,BURHEAD,Flickr,,SPEC,"Collected 1979-1992 “dry lake bed near Searsville Dam”; most recent report Lennihan 9/29/93 “by boat launch,”",611
ALLIACEAE – ONION/GARLIC FAMILY,,,,,,
Allium amplectens,NARROW-LEAVED ONION,Flickr,Calflora,SPEC,"Flower pinkish-white w/pinkish midveins, papery when dry, 6 prominent ovary crests; vernally wet areas in serpentine",653
Allium falcifolium,BREWER'S ONION,Flickr,Calflora,SPEC,Abundant at single location in serpentine,655
Allium lacunosum var. lacunosum,PITTED ONION,Flickr,Calflora,SPEC,"Flower white w/dark midveins, ovary crests 3, minute, 2-lobed; serpentine",656
« Allium peninsulare var. franciscanum,FRANCISCAN ONION,Flickr,,SPEC,RANK 1B.2. Flower bright red-purple on long pedicel in open head; mostly serpentine,838
* Allium triquetrum,ANGLED ONION,Flickr,,SPEC,Flower white; stem triangular ,926
Allium unifolium,ONE-LEAVED ONION,Flickr,Calflora,SPEC,Flower pink; serpentine,658
AMARYLLIDACEAE – AMARYLLIS FAMILY,,,,,,
N Agapanthus sp.,LILY-OF-THE-NILE,Flickr,,DOC,Red-Hot Poker Meadow; persistent,652
* Amaryllis belladonna,NAKED LADIES,Flickr,,SPEC,,659
* Narcissus pseudonarcissus,DAFFODIL,Flickr,,SPEC,,877
* Narcissus tazetta,PAPER WHITE,Flickr,,SPEC,,890
ARACEAE – ARUM FAMILY ,,,,,,
* Arum italicum,ITALIAN ARUM,Flickr,,DOC,,953
Lemna minor,SMALLER DUCKWEED,Flickr,,SPEC,,649
Lemna minuta,LEAST DUCKWEED,Flickr,,SPEC,"First reported by Lennihan and Woodward 9/30/95 “under bridge and in swamp,” not reported since",650
Spirodela polyrhiza,DUCKMEAT,,,REP,"Lennihan and Woodward 10/14/92, “under bridge, Searsville Lake”; not reported since",651
Wolffia aff. columbiana,WATERMEAL,Flickr,Calflora,SPEC,,922
* Zantedeschia aethiopica,CALLA-LILY,Flickr,,SPEC,,612
ASPARAGACEAE – ASPARAGUS FAMILY,,,,,,
* Asparagus officinalis ssp. officinalis,GARDEN ASPARAGUS,Flickr,,SPEC,Occasional in dry beds of Bear Creek and San Francisquito Creek,660
ASPHODELACEAE - ASPHODEL FAMILY,,,,,,
* Kniphofia uvaria,RED-HOT POKER,Flickr,,DOC,First observed in 2003 between Road C and Sand Hill Road; persistent,841
CYPERACEAE – SEDGE FAMILY (JRBP E-Flora Cyperaceae),,,,,,
Bolboschoenus maritimus ssp. paludosus (Scirpus m.),"SALTMARSH BULRUSH, ALKALI BULRUSH",Flickr,Calflora,SPEC,,854
Carex amplifolia,BIG-LEAF SEDGE,Flickr,,SPEC,"Large clump in Bear Creek; lost Winter, 2013",927
Carex barbarae,WHITEROOT OR SANTA BARBARA SEDGE,Flickr,Calflora,SPEC,,613
Carex bolanderi,BOLANDER'S SEDGE,Flickr,,SPEC,,872
Carex densa,DENSE SEDGE,Flickr,Calflora,SPEC,,614
* Carex divulsa ssp. divulsa,GRAY SEDGE,Flickr,Calflora,SPEC,,940
Carex globosa,ROUND-FRUITED SEDGE,Flickr,Calflora,SPEC,,615
Carex gracilior,SLENDER SEDGE,Flickr,Calflora,SPEC,,616
Carex harfordii,"HARFORD'S SEDGE, MONTEREY SEDGE",Flickr,Calflora,SPEC,Veins on both sides of perigynia exceeding fruit (vs C. subbracteata),912
Carex nudata,TORRENT SEDGE,Flickr,Califora,SPEC,,617
Carex serratodens,SAW-TOOTHED SEDGE,Flickr,Calflora,SPEC,,619
Carex subbracteata,SMALL-BRACTED SEDGE,Flickr,Calflora,SPEC,Adaxial perigynia veins << fruit (vs C. harfordii),620
Carex tumulicola,FOOTHILL SEDGE,Flickr,Calflora,SPEC,,621
* Cyperus difformis,VARIABLE FLATSEDGE,Flickr,,spec,Collected in 1980; not reported since,853
Cyperus eragrostis,TALL CYPERUS,Flickr,Calflora,SPEC,,622
Cyperus erythrorhizos,RED-ROOTED CYPERUS,Flickr,Calflora,SPEC,,623
Eleocharis macrostachya,COMMON SPIKERUSH,Flickr,Calflora,SPEC,,626
Schoenoplectus acutus var. occidentalis (Scirpus a. var. o.),COMMON TULE,Flickr,,SPEC,,627
Scirpus microcarpus,SMALL-FRUITED BULLRUSH,Flickr,,SPEC,,628
HYDROCHARITACEAE – WATERWEED FAMILY,,,,,,
Najas guadalupensis ssp. guadalupensis,COMMON WATER-NYMPH,,,rep,Dengler 1975; Grundmann 3/92; not  reported since,631
Najas marina,HOLLY-LEAVED WATER-NYMPH,Flickr,,DOC,,632
IRIDACEAE – IRIS FAMILY,,,,,,
Iris douglasiana,DOUGLAS’ IRIS,Flickr,,SPEC,Abundant at Douglas Iris site,633
* Iris foetidissima,CORAL IRIS,Flickr,,SPEC,,634
* Iris pseudacorus,TALL YELLOW IRIS,Flickr,,SPEC,"Non-native, noxious weed, as recorded in TJM2",636
Sisyrinchium bellum,WESTERN BLUE-EYED-GRASS,Flickr,,SPEC,,637
JUNCACEAE – RUSH FAMILY,,,,,,
Juncus bolanderi,BOLANDER'S RUSH,Flickr,,SPEC,Bank of Corte Madera Creek; not seen since 2004,638
Juncus bufonius var. bufonius,TOAD RUSH,Flickr,,SPEC,Perianth 4–7.3 mm (vs J. b. var. occidentalis),639
Juncus bufonius var. occidentalis,WESTERN TOAD RUSH,Flickr,,SPEC,Perianth < 4 mm (vs J. b. var. bufonius),915
Juncus effusus ssp. pacificus (J. e. var. pacificus),PACIFIC RUSH,Flickr,Calflora,SPEC,"Stamens 3; culms bright green; sheath tip thickened, with a raised rim; sheath generally dark brown to black (vs J. hesperius)",640
Juncus hesperius (Juncus effusus var. brunneus),COAST OR BOG RUSH,Flickr,Calflora,SPEC,Stamens 3; culms bright green; sheath tip thin with broad membranous wings; sheath green when fresh to pale or mid-brown when dry (vs J. effusus ssp. pacificus). First collected in 2008; uncommon,933
Juncus occidentalis,WESTERN RUSH,Flickr,,SPEC,,642
Juncus patens,SPREADING RUSH,Flickr,,SPEC,Stamens 6; culms gray-green (vs J. effusus & J. hesperius),643
Juncus phaeocephalus var. paniculatus,PANICLED RUSH,Flickr,Calflora,SPEC,Leaf blades iris-like; fruit gradually tapered to long beak; stigma long-exserted (vs. J. xiphioides),644
Juncus xiphioides,IRIS-LEAVED RUSH,Flickr,,SPEC,Leaf blades iris-like; fruit generally abruptly tapered to beak; stigma not long-exserted (vs. J. phaeocephalus),645
Luzula comosa var. comosa,COMMON WOOD RUSH,Flickr,Calflora,SPEC,,646
JUNCAGINACEAE – ARROW-GRASS FAMILY,,,,,,
Triglochin scilloides (Lilaea s.),FLOWERING-QUILLWORT,Flickr,Calflora,DOC,"Dengler 1975; Herbarium 2005: “near preserve boundary at Boething Site.” Report for the Boething Tree Nursery, 2005 (photo)",647
LILIACEAE – LILY FAMILY ,,,,,,
Calochortus albus,"WHITE GLOBE LILY, FAIRY-LANTERN",Flickr,,SPEC,,664
Calochortus argillosus,CLAY MARIPOSA LILY,Flickr,,SPEC,"Similar to C. venustus but w/o splotch in upper third of perianth parts. Barbara Ertter (Flowering Plants and Ferns of Mt Diablo) concerning C. argillosus (petals without an upper splotch) / C. venustus (petals with a second splotch in upper half): ""presence or absence of an upper splotch (sometimes washed-out) on the petals is reliably diagnostic in the Bay Area, but not throughout the range of C venustus""
",821
Calochortus luteus,YELLOW MARIPOSA,Flickr,,SPEC,,665
Fritillaria affinis (F. affinis var. a.),CHECKER LILY,Flickr,,SPEC,,674
N Hyacinthoides hispanica,SPANISH BLUEBELL,Flickr,,SPEC,Near Douglas' Iris site; persistent,673
Lilium pardalinum ssp. pardalinum,LEOPARD LILY,Flickr,,SPEC,Moeur 1947 “deep shade of redwood area”; thriving as of 2013.,676
"Prosartes hookeri
 (Disporum h.)",HOOKER'S FAIRY BELL,Flickr,,SPEC,,671
Scoliopus bigelovii,SLINK POD,Flickr,,spec,Not reported since 1867,678
MELANTHIACEAE – FALSE-HELLEBORE FAMILY,,,,,,
Toxicoscordion fremontii (Zigadenus f.),FREMONT'S STAR LILY,Flickr,,SPEC,,685
Trillium chloropetalum,GIANT TRILLIUM,Flickr,,SPEC,,681
ORCHIDACEAE – ORCHID FAMILY,,,,,,
Corallorhiza maculata ,SPOTTED CORALROOT,Flickr,,SPEC,"Undetermined to variety; uncommon, Trail 12; not reported since 2002",686
Corallorhiza maculata var. occidentalis,CORALROOT,Flickr,Calflora,SPEC,,930
Corallorhiza striata,STRIPED CORALROOT,Flickr,,SPEC,,687
* Epipactis helleborine,BROAD-LEAVED HELLEBORINE,Flickr,,SPEC,,688
Piperia elegans ssp. elegans (P. elegans),COAST OR ELEGANT PIPERIA,Flickr,,SPEC,"Springer 1935 “three specimens seen in shady woods, in June and July.” Trail b and c",689
« Piperia michaelii,MICHAEL'S REIN-ORCHID,Flickr,,SPEC,RANK 4.2. Moeur 1947 “Rare in shady woods. June.” Single location E of Goya Gate.,833
Piperia transversa,FLAT SPURRED PIPERIA,Flickr,,SPEC,Road E; Trail 4; Bird Path behind Hillside Lab; usually growing near madrone,840
POACEAE – GRASS FAMILY,,,,,,
* Agrostis avenacea,PACIFIC BENT GRASS  , Flickr ,,spec,"Collected 1979-1982 at W edge of Searsville Lake at old bathing beach; not reported since but naturalized nearby in Crystal Springs area. Non-native, invasive species, as recorded in TJM2",867
* Agrostis capillaris,COLONIAL BENT,Flickr,,SPEC,,849
Agrostis exarata,SPIKE BENT GRASS,Flickr,,SPEC,,691
Agrostis hallii,HALL'S BENT GRASS,Flickr,Calflora,SPEC,,692
Agrostis microphylla,SMALL-LEAF BENT GRASS,Flickr,Calflora,SPEC,,693
Agrostis pallens,DUNE BENT GRASS,Flickr,,SPEC,,694
* Agrostis stolonifera,CREEPING BENT,Flickr,,SPEC,"Non-native, invasive species, as recorded in TJM2",860
* Aira caryophyllea,SILVER HAIR GRASS,Flickr,,SPEC,,696
Anthoxanthum occidentale (Hierochloe occidentalis),CALIFORNIA SWEET GRASS,Flickr,,spec,Collected in 1867; reported Dengler 1975; not reported since,735
* Arrhenatherum elatius,TALL OAT GRASS,Flickr,,SPEC,"Non-native, invasive species, as recorded in TJM2",868
* Avena barbata,SLENDER WILD OAT,Flickr,,SPEC,"Non-native, invasive species, as recorded in TJM2",697
* Avena fatua,WILD OAT,Flickr,,SPEC,"Non-native, invasive species, as recorded in TJM2",698
* Brachypodium distachyon,PURPLE FALSE BROME,Flickr,,SPEC,"Non-native, invasive species, as recorded in TJM2",699
* Brachypodium sylvaticum,SLENDER FALSE BROME,Flickr,,SPEC,"Non-native, noxious weed, as recorded in TJM2",896
* Briza maxima,"RATTLESNAKE GRASS, LARGE QUAKING GRASS",Flickr,,SPEC,"Non-native, invasive species, as recorded in TJM2",700
* Briza minor,"ANNUAL QUAKING GRASS, SMALL QUAKING GRASS",Flickr,,SPEC,,701
* Bromus berteroanus (B. trinii),CHILEAN CHESS,Flickr,,SPEC,,710
Bromus carinatus var. carinatus (Bromus sitchensis var. carinatus),CALIFORNIA BROME,Flickr,,SPEC,,702
* Bromus catharticus var. catharticus,RESCUE GRASS,Flickr,,SPEC,,871
* Bromus commutatus,"HAIRY CHESS, MEADOW BROME",Flickr,,REP,not reported since Dengler 1975,705
* Bromus diandrus,RIPGUT GRASS,Flickr,,SPEC,"Non-native, invasive species, as recorded in TJM2",703
* Bromus hordeaceus,SOFT CHESS,Flickr,Calflora,SPEC,"Non-native, invasive species, as recorded in TJM2",704
Bromus laevipes,CHINOOK BROME OR WOODLAND BROME,Flickr,,SPEC,,706
* Bromus madritensis (B. madritensis ssp. m),"FOXTAIL CHESS, MADRID BROME",Flickr,,SPEC,,707
* Bromus racemosus,SMOOTH BROME,,,REP,Springer 1935; Dengler 1975; not reported since,918
* Bromus rubens (Bromus madritensis ssp. rubens),RED BROME,Flickr,,SPEC,"Non-native, invasive species, as recorded in TJM2",708
* Bromus sterilis,POVERTY BROME,Flickr,,SPEC,,846
* Bromus tectorum,"CHEAT GRASS, DOWNY CHESS",Flickr,,spec,"Springer 1935; collected in 1981 and 1983 near Searsville Lab; not reported since. Non-native, invasive species, as recorded in TJM2",709
Bromus vulgaris,COLUMBIA BROME,Flickr,,SPEC,,711
Calamagrostis koelerioides,DENSE-PINE REED GRASS,Flickr,,spec,Collected in 1962; not reported since,712
Calamagrostis rubescens,PINE REED GRASS,Flickr,,SPEC,,713
* Cortaderia selloana,PAMPAS GRASS,Flickr,Calflora,SPEC,"Non-native, invasive species, as recorded in TJM2",714
* Crypsis schoenoides,SWAMP PRICKLE GRASS,Flickr,Calflora,SPEC,,715
* Crypsis vaginiflora,MODEST PRICKLE GRASS,Flickr,,spec,Collected in 1976 in mud in Searsville Lake–Corte Madera Creek Delta; not reported since,716
* Cynodon dactylon,BERMUDA GRASS,Flickr,,SPEC,"Non-native, invasive species, as recorded in TJM2",717
* Cynosurus echinatus,BRISTLY DOGTAIL GRASS,Flickr,,SPEC,"Non-native, invasive species, as recorded in TJM2",718
* Dactylis glomerata,ORCHARD GRASS,Flickr,,SPEC,"Non-native, invasive species, as recorded in TJM2",719
Danthonia californica,CALIFORNIA OAT GRASS,Flickr,,SPEC,,720
Deschampsia danthonioides,ANNUAL HAIR GRASS,Flickr,,SPEC,,721
Deschampsia elongata,SLENDER HAIR GRASS,Flickr,,SPEC,,722
* Digitaria sanguinalis,HAIRY CRAB GRASS,Flickr,,SPEC,,723
* Echinochloa crus-galli,COMMON BARNYARD GRASS,Flickr,Calflora,SPEC,Ligule 0; lower lemma awn 0,724
* Ehrharta erecta,PANIC VELDT GRASS,Flickr,,SPEC,"Non-native, invasive species, as recorded in TJM2",831
Elymus glaucus ssp. glaucus,BLUE OR WESTERN WILD-RYE,Flickr,,SPEC,,725
Elymus glaucus ssp. virescens,GREEN WESTERN WILD-RYE,Flickr,,SPEC,Lemma awn < 5 mm,726
Elymus x gouldii (E. multiflorus),HYBRID WILD-RYE,Flickr,Calflora,SPEC,,916
N Elymus x hansenii (E. glaucus x. multisetus),HYBRID SQUIRRELTAIL,Flickr,,SPEC,,796
Elymus multisetus,BIG SQUIRRELTAIL,Flickr,,SPEC,,727
Elymus trachycaulus ssp. t.,SLENDER WHEATGRASS,Flickr,Calflora,SPEC,,955
Elymus triticoides (Leymus t.),BEARDLESS WILD-RYE,Flickr,,SPEC,,743
Eragrostis mexicana ssp. virescens,ORCUTT’S ERAGROSTIS,,,SPEC,,954
Eragrostis pectinacea var. pectinacea,CAROLINA LOVE GRASS,Flickr,,SPEC,,729
* Festuca arundinacea,TALL FESCUE,Flickr,,SPEC,"Non-native, invasive species, as recorded in TJM2",818
"* Festuca bromoides
 (Vulpia b.)",BROME FESCUE,Flickr,,SPEC,,769
Festuca californica,CALIFORNIA FESCUE,Flickr,Calflora,SPEC,,731
Festuca elmeri,ELMER'S FESCUE,Flickr,,SPEC,,732
Festuca microstachys (Vulpia m. var. ciliata and V. m. var. pauciflora),NUTTALL’S FESCUE,Flickr,,SPEC,,770
* Festuca myuros (Vulpia m. var. hirsuta and V. m. var. m.),RATTAIL SIXWEEKS GRASS,Flickr,,SPEC,"Non-native, invasive species, as recorded in TJM2",772
Festuca octoflora (Vulpia o. var. hirtella and V. o. var. o.),SIXWEEKS GRASS,Flickr,Calflora,SPEC,"Rare. Collected in 1963, 1966 and 2009",801
* Festuca perennis (Lolium perenne and L. multiflorum),RYE GRASS,Flickr,,SPEC,"Non-native, invasive species, as recorded in TJM2",745
Festuca rubra,RED FESCUE,Flickr,,SPEC,,893
* Festuca temulenta (Lolium temulentum),"DARNEL, TARES",Flickr,,SPEC,,746
* Gastridium phleoides (G. ventricosum),NIT GRASS,Flickr,,SPEC,,734
* Glyceria xoccidentalis (G. occidentalis),WESTERN MANNA GRASS,Flickr,,SPEC,Collected in 2007; not reported since. Taxonomic status and nativity are uncertain,894
* Hainardia cylindrica,BARB GRASS,Flickr,,SPEC,,859
* Holcus lanatus,COMMON VELVET GRASS,Flickr,,SPEC,,736
Hordeum brachyantherum ssp. brachyantherum ,MEADOW BARLEY,,,SPEC,,
Hordeum brachyantherum ssp. californicum,CALIFORNIA BARLEY,Flickr,,SPEC,,737
Hordeum depressum,,,,spec$,Collected 1930-1931; not reported since,962
* Hordeum marinum ssp. gussoneanum,MEDITERRANEAN BARLEY,Flickr,,SPEC,,738
* Hordeum murinum ssp. glaucum,SMOOTH BARLEY,Flickr,,SPEC,,828
* Hordeum murinum ssp. leporinum,HARE BARLEY,Flickr,,SPEC,,739
Koeleria macrantha,JUNE GRASS,Flickr,,SPEC,,741
Leptochloa fusca ssp. fascicularis (L. fascicularis),BEARDED SPRANGLETOP,Flickr,,SPEC,,905
Leptochloa fusca ssp. uninervia (L. uninervia),MEXICAN SPRANGLETOP,Flickr,,spec,First reported Dengler Suppl. 9/1977 Corte Madera Creek delta; collected 1980 same loc; not reported since,742
Melica californica,CALIFORNIA MELIC,Flickr,Calflora,SPEC,,747
Melica imperfecta,LITTLE CALIFORNIA MELICA,Flickr,,SPEC,,749
Melica subulata,ALASKAN ONIONGRASS,Flickr,,SPEC,,852
Melica torreyana,TORREY’S MELIC,Flickr,,SPEC,,750
Panicum capillare,WITCH GRASS,Flickr,,SPEC,,870
* Paspalum dilatatum,DALLIS GRASS,Flickr,,SPEC,,753
Paspalum distichum,KNOT GRASS,Flickr,,SPEC,,754
* Phalaris aquatica,HARDING GRASS,Flickr,,SPEC,"Non-native, invasive species, as recorded in TJM2",755
* Phalaris brachystachys,SHORT-SPIKED CANARY GRASS,Flickr,,SPEC,,857
Phalaris californica,CALIFORNIA CANARY GRASS,Flickr,,SPEC,,756
Phalaris lemmonii,LEMMON’S CANARY GRASS,Flickr,,spec,Collected in 1970 “Along a road”; not reported since,865
* Phalaris paradoxa,HOOD CANARY GRASS,Flickr,,SPEC,,758
Pleuropogon californicus var. californicus,SEMAPHORE GRASS,Flickr,,SPEC,,759
* Poa annua,ANNUAL BLUE GRASS,Flickr,,SPEC,,760
* Poa bulbosa ssp. vivipara,BULBOUS BLUE GRASS,Flickr,,SPEC,"First report May, 2014; extripated? ",942
Poa howellii,HOWELL'S BLUE GRASS,Flickr,Calflora,SPEC,Uncommon,761
* Poa pratensis ssp. pratensis,KENTUCKY BLUE GRASS,Flickr,,SPEC,"Non-native, invasive species, as recorded in TJM2",762
Poa secunda ssp. secunda,ONE-SIDED BLUE GRASS,Flickr,,SPEC,,763
* Polypogon interruptus,DITCH BEARD GRASS,Flickr,,SPEC,,765
* Polypogon monspeliensis,"ANNUAL BEARD GRASS, RABBITFOOT GRASS",Flickr,,SPEC,,766
* Polypogon viridis (Agrostis v.),WATER BEARD GRASS,Flickr,,SPEC,,695
Scribneria bolanderi,SCRIBNER GRASS,Flickr,Calflora,SPEC,,767
*Setaria viridis,GREEN BRISTLE GRASS,Flickr,,SPEC,,829
Stipa lepida (Nassella l.),FOOTHILL NEEDLE GRASS,Flickr,Calflora,SPEC,,751
* Stipa miliacea var. miliacea (Piptatherum miliaceum),SMILO GRASS,Flickr,,SPEC,"Non-native, invasive species, as recorded in TJM2",845
Stipa pulchra (Nassella p.),PURPLE NEEDLE GRASS,Flickr,,SPEC,,752
Trisetum canescens,TALL FALSE OAT,Flickr,Calflora,SPEC,,768
N X Schedolium loliaceum (Festuca arundinacea x F. perennis),HYBRID LOLIUM,Flickr,,SPEC,Branched forms of Festuca perennis,903
POTAMOGETONACEAE – PONDWEED FAMILY,,,,,,
* Potamogeton crispus,CRISP-LEAVED PONDWEED,Flickr,,SPEC,"Non-native, invasive species, as recorded in TJM2",775
Potamogeton foliosus ssp. foliosus (P. foliosus var. f.),LEAFY PONDWEED,Flickr,,SPEC,Collected in 1893; report Lennihan and Woodward 9/30/95.,776
Potamogeton illinoensis,SHINING PONDWEED,Flickr,,SPEC,"Collected in 1964 and 1981 ""Edge of Searsville Lake near Causeway Bridge""; Lennihan and Woodward 10/6/94 ""near boat dock.""",777
Potamogeton pusillus (P. pusillus var. p.),SMALL PONDWEED,Flickr,,spec,Collected in 1971; not reported since.,779
Stuckenia pectinata (Potamogeton pectinatus),FENNEL-LEAF PONDWEED,Flickr,,SPEC,,778
RUSCACEAE – BUTCHER’S-BROOM FAMILY,,,,,,
Maianthemum racemosum (Smilacina racemosa),FAT SOLOMON,Flickr,,SPEC,Inflorescence panicle,679
Maianthemum stellatum (Smilacina stellata),SLIM SOLOMON,Flickr,,SPEC,Inflorescence raceme,680
THEMIDACEAE – BRODIAEA FAMILY,,,,,,
Brodiaea elegans ssp. elegans,HARVEST BRODIAEA,Flickr,,SPEC,,662
Brodiaea terrestris ssp. terrestris,DWARF BRODIAEA,Flickr,,SPEC,,663
Dichelostemma capitatum ssp. capitatum (Dipterostemon capitatus (Benth.) Rydb. subsp. capitatus),BLUE DICKS,Flickr,,SPEC,"Inflorescence umbel-like; perianth tube not narrowed above ovary; stamens 6, unequal (vs D. congestum)",669
Dichelostemma congestum,FORK-TOOTHED OOKOW,Flickr,,SPEC,"Inflorescence raceme-like; perianth tube +/- narrow above ovary; stamens 3, equal (vs D. capitatum)",670
Dichelostemma multiflorum,WILD HYACINTH,Flickr,Calflora,SPEC,"Inflorescence umbel-like; perianth tube narrowed above ovary; stamens 3, equal. Single location Road B",816
Triteleia hyacinthina,"WHITE BRODIAEA, FOOL'S ONION",Flickr,,SPEC,,682
Triteleia ixioides ssp. ixioides,GOLDEN BRODIAEA,Flickr,,SPEC,,683
Triteleia laxa,ITHURIEL'S SPEAR,Flickr,,SPEC,,684
TYPHACEAE – CATTAIL FAMILY,,,,,,
Sparganium eurycarpum var. eurycarpum (S. eurycarpum ssp. e.),BROAD-FRUITED BUR-REED,Flickr,,SPEC,,780
*? Typha angustifolia,NARROW-LEAVED CATTAIL,Flickr,,SPEC,Naked stem between staminate and pistillate flowers generally 1-12 cm. Nativity uncertain as in TJM2,781
Typha latifolia,BROAD-LEAVED CATTAIL,Flickr,,SPEC,Naked stem between staminate and pistillate flowers generally 0.,782